wkt_geom,No,ST_NAME,ST_CODE,Control_og,BS_CODE,Gage_type,River_syst,A(km2),section_le,Slope,Out_len(km,thres_len(,Zero(EL.m),Zero_st(EL,Ebb_effect,Max_el(m),Time_Sirie,Daily_Siri,Longitude,Latitude,Latitude_d,Longitude_,X,Y
POINT(363558.09272552188485861 545463.77458627871237695),1,Imgye,1001620,MOLIT,100103,T/M,Hangang,157.39,160,160,2.99,17.4,491.02,496.562,N,5,1972Y 08M?~ 2013Y 09M,1962Y 11M?~ 2013Y 09M,128.8494444,37.49416667,128-50-58,37-29-39,363558.093,545463.775
POINT(363401.11168174003250897 542191.04601653490681201),2,Hyulcheon,1001622,MOLIT,100102,T/M,Hangang,284.7,,,0.41,,479.382,486.312,N,7,2010Y 12M?~ 2013Y 09M,2010Y 12M?~ 2013Y 09M,128.8469444,37.46472222,128-50-49,37-27-53,363401.112,542191.046
POINT(352004.18755171040538698 544288.5633582005975768),3,Songcheon,1001625,MOLIT,100106,T/M,Hangang,349.5,,,2.17,,374.685,383.167,N,6,2007Y 05M?~ 2013Y 09M,2007Y 05M?~ 2013Y 09M,128.7186111,37.48555556,128-43-07,37-29-08,352004.188,544288.563
POINT(346002.07495563407428563 538968.77270411315839738),4,Najeon,1001630,MOLIT,100109,T/M,Hangang,452.6,,,0.27,,333.208,344.183,N,8,2007Y 05M?~ 2013Y 09M,2007Y 05M?~ 2013Y 09M,128.6497222,37.43861111,128-38-59,37-26-19,346002.075,538968.773
POINT(347998.95705931517295539 531756.00998508953489363),5,Yaesan,1001649,MOLIT,100111,T/M,Hangang,229.76,,,0.2,,300.915,309.28,N,6,2008Y 02M?~ 2013Y 09M,2008Y 02M?~ 2013Y 09M,128.6708333,37.37333333,128-40-15,37-22-24,347998.957,531756.01
POINT(346783.47713017603382468 532289.73307236668188125),6,Jeongseon2,1001655,MOLIT,100112,T/M,Hangang,1688.41,340,270,380.6,108.6,296.789,312.418,N,12,1970Y 07M?~ 2013Y 09M,1968Y 01M?~ 2013Y 09M,128.6572222,37.37833333,128-39-26,37-22-42,346783.477,532289.733
POINT(350149.19063864997588098 525780.08192793244961649),7,Nakdong,1001660,MOLIT,100114,T/M,Hangang,186.97,,,14.43,,324.016,330.112,N,5,2009Y 10M?~ 2013Y 09M,2009Y 10M?~ 2013Y 09M,128.6938889,37.31916667,128-41-38,37-19-09,350149.191,525780.082
POINT(334195.24198606994468719 516103.25194406730588526),8,Geoun,1001670,MOLIT,100117,T/M,Hangang,2270.73,220,700,317.37,167.4,196.936,211.941,N,12,1972Y 08M?~ 2013Y 09M,1962Y 11M?~ 2013Y 09M,128.5122222,37.23444444,128-30-44,37-14-04,334195.242,516103.252
POINT(331032.00246707594487816 510224.84844415739644319),9,Yeongwol,1001690,MOLIT,100117,T/M,Hangang,2440.36,290,2660,306.5,186.5,183.205,197.494,N,12,1917Y 09M?~ 2013Y 09M,1917Y 06M?~ 2013Y 09M,128.4755556,37.18194444,128-28-32,37-10-55,331032.002,510224.848
POINT(329950.02108778600813821 558995.94670824194326997),10,Imokjeong,1002605,MOLIT,100201,T/M,Hangang,56.33,,,10.36,0,590.873,598.566,N,4,1983Y 06M?~ 2013Y 09M,1982Y 01M?~ 2013Y 09M,128.4719444,37.62138889,128-28-19,37-37-17,329950.021,558995.947
POINT(324784.70817379979416728 555030.7354011150309816),11,Jangpyeonggyo,1002610,MOLIT,100201,T/M,Hangang,104.76,,,4.51,0,526.963,534.872,N,7,1983Y 06M?~ 2013Y 09M,1982Y 01M?~ 2013Y 09M,128.4127778,37.58638889,128-24-46,37-35-11,324784.708,555030.735
POINT(324297.67575612501241267 554776.70740363583900034),12,Baekokpo,1002615,MOLIT,100201,T/M,Hangang,143.93,,,1.27,0,506.214,512.563,N,4,1983Y 06M?~ 2013Y 09M,1981Y 01M?~ 2013Y 09M,128.4072222,37.58416667,128-24-26,37-35-03,324297.676,554776.707
POINT(324725.65715473098680377 542601.62154756987001747),13,Sanganmi,1002625,MOLIT,100202,T/M,Hangang,392.93,,,101.5,0,385.387,395.077,N,8,1983Y 06M?~ 2013Y 09M,1982Y 01M?~ 2013Y 09M,128.41,37.47444444,128-24-36,37-28-28,324725.657,542601.622
POINT(327387.95950570481363684 540483.16499248566105962),14,Habanjeong,1002635,MOLIT,100203,T/M,Hangang,86.05,,,0.85,0,374.616,383.238,N,4,1983Y 06M?~ 2013Y 09M,1982Y 01M?~ 2013Y 09M,128.4397222,37.455,128-26-23,37-27-18,327387.96,540483.165
POINT(325436.45034945319639519 537832.25962562451604754),15,Bangrimgyo,1002640,MOLIT,100205,T/M,Hangang,527.12,,,92.39,0,359.217,367.009,N,7,1983Y 06M?~ 2013Y 09M,1982Y 01M?~ 2013Y 09M,128.4172222,37.43138889,128-25-02,37-25-53,325436.45,537832.26
POINT(324558.23120027559343725 530757.07733771367929876),16,Pyeongchang,1002650,MOLIT,100205,T/M,Hangang,695.67,260,,70.4,75.1,288.637,299.272,N,8,1958Y 09M?~ 2013Y 09M,1958Y 01M?~ 2013Y 09M,128.4061111,37.36777778,128-24-22,37-22-04,324558.231,530757.077
POINT(319158.38495763548417017 522784.00953184708487242),17,Panun,1002655,Kwater,100206,T/M,Hangang,879.1,,,329,0,241.153,253.18,N,10,1987Y 06M?~ 2013Y 09M,1987Y 06M?~ 2013Y 09M,128.3438889,37.29666667,128-20-38,37-17-48,319158.385,522784.01
POINT(302252.65263810171745718 535388.20476827525999397),18,Anheung,1002675,MOLIT,100208,T/M,Hangang,186.97,,,52.18,,414.303,424.277,N,7,2006Y 12M?~ 2013Y 09M,2006Y 12M?~ 2013Y 09M,128.155,37.41222222,0128-09-18,37-24-44,302252.653,535388.205
POINT(312255.00124349788529798 519512.59792818722780794),19,Jucheon,1002685,MOLIT,100210,T/M,Hangang,533.23,140,660,14.34,72,239.485,249.678,N,8,1965Y 07M?~ 2013Y 09M,1962Y 11M?~ 2013Y 09M,128.2655556,37.26805556,128-15-56,37-16-05,312255.001,519512.598
POINT(318179.20896322396583855 515338.46532262756954879),20,Sincheon,1002687,MOLIT,100210,T/M,Hangang,599.4,,,1.22,,211.492,223.538,N,10,2007Y 05M?~ 2013Y 09M,2007Y 05M?~ 2013Y 09M,128.3316667,37.22972222,128-19-54,37-13-47,318179.209,515338.465
POINT(325116.04689285880886018 511491.68080207967432216),21,Yeongweol 1,1002695,Kwater,100213,T/M,Hangang,1524.1,,,301.7,0,192.189,208.61,N,10,1975Y 07M?~ 2013Y 09M,1986Y 01M?~ 2013Y 09M,128.4091667,37.19416667,128-24-33,37-11-39,325116.047,511491.681
POINT(329223.55617059499491006 509086.72135561902541667),22,Palgoe,1002698,MOLIT,100213,T/M,Hangang,1764.08,,,0.62,,181.215,199.979,N,15,2007Y 03M?~ 2013Y 09M,2007Y 03M?~ 2013Y 09M,128.455,37.17194444,128-27-18,1937-10-19,329223.556,509086.721
POINT(338886.7108329440234229 503751.1556241093785502),23,Okdong,1003620,MOLIT,100305,T/M,Hangang,482.56,,,4.18,0,183.969,191.724,N,9,2002Y 07M?~ 2013Y 09M,2002Y 07M?~ 2013Y 09M,128.5627778,37.1225,128-33-46,1937-07-21,338886.711,503751.156
POINT(334312.21066425286699086 501024.96800425788387656),24,Yeongchun,1003630,Kwater,100306,T/M,Hangang,4690,,,285.2,0,159.971,177.63,N,10,1984Y 07M?~ 2013Y 09M,1986Y 01M?~ 2013Y 09M,128.5108333,37.09861111,128-30-39,37-05-55,334312.211,501024.968
POINT(323646.42276459257118404 490531.79905290924943984),25,Dukcheon,1003642,MOLIT,100310,T/M,Hangang,5131.09,,,271.45,,135.027,160.795,N,15,2010Y 12M?~ 2013Y 09M,2010Y 12M?~ 2013Y 09M,128.3891667,37.00555556,128-23-21,37-00-20,323646.423,490531.799
POINT(303783.07000278052873909 488970.15810075448825955),26,Cheongpung,1003655,Kwater,100319,T/M,Hangang,887.8,,,229.2,0,,145.28,N,40,1987Y 06M?~ 2013Y 09M,1987Y 06M?~ 2013Y 09M,128.1658333,36.99388889,128-09-57,36-59-38,303783.07,488970.158
POINT(288014.5825764971668832 490364.15605827613035217),27,Chungju Dam Outlet,1003665,Kwater,100320,T/M,Hangang,6648,,,201.2,0,221,227.1,N,83,1923Y 09M?~ 2013Y 09M,1987Y 06M?~ 2013Y 09M,127.9888889,37.00805556,127-59-20,37-00-29,288014.583,490364.156
POINT(275220.2796426157001406 463603.85985094320494682),29,Goesan,1004645,MOLIT,100409,T/M,Hangang,671,,,225.9,0,110.221,118.057,N,8,1999Y 06M?~ 2013Y 09M,1998Y 01M?~ 2013Y 09M,127.8425,36.76805556,127-50-33,36-46-05,275220.28,463603.86
POINT(278397.27257501194253564 466067.9538335157558322),30,Bido,1004646,MOLIT,100407,T/M,Hangang,166.39,,,3.15,,118.175,124.485,N,5,2011Y 12M?~ 2013Y 09M,2011Y 12M?~ 2013Y 09M,127.8783333,36.79,127-52-42,36-47-24,278397.273,466067.954
POINT(282368.09434621158288792 481088.90901456942083314),31,Dalcheon,1004690,Kwater,100414,T/M,Hangang,1398,,,191.4,0,71.187,79.61,N,10,1984Y 07M?~ 2013Y 09M,1986Y 05M?~ 2013Y 09M,127.9244444,36.925,127-55-28,36-55-30,282368.094,481088.909
POINT(276259.91725146264070645 474927.54489186278078705),32,Mokdo,1004693,MOLIT,100409,T/M,Hangang,1063.97,,,1.52,,87.793,100.242,N,9,2011Y 12M?~ 2013Y 09M,2011Y 12M?~ 2013Y 09M,127.8552778,36.87,127-51-19,36-52-12,276259.917,474927.545
POINT(279233.08977870957460254 488119.30957212450448424),33,Tangeum,1005605,MOLIT,100414,T/M,Hangang,126.3,,,0.21,,62.702,73.581,N,8,2006Y 12M?~ 2013Y 09M,2006Y 11M?~ 2013Y 09M,127.89,36.98861111,127-53-24,36-59-19,279233.09,488119.31
POINT(278351.7816952831344679 497822.86515739851165563),36,Mokgye,1005640,MOLIT,100502,T/M,Hangang,8433.8,330,300,180.6,307.6,52.337,66.844,N,14,1917Y 07M?~ 2013Y 09M,1917Y 01M?~ 2013Y 09M,127.8811111,37.07611111,127-52-52,37-04-34,278351.782,497822.865
POINT(266925.34445573523407802 511968.34849087952170521),37,Beopcheon,1005695,MOLIT,100505,T/M,Hangang,27.9,,,0.68,,43.84,55.014,N,8,2006Y 12M?~ 2013Y 09M,2006Y 11M?~ 2013Y 09M,127.7538889,37.20444444,127-45-14,1937-12-16,266925.344,511968.348
POINT(266234.14310985006159171 512055.3705267952173017),38,Namhangang,1005697,MOLIT,100505,T/M,Hangang,10930.43,,,163.22,,39.676,56.902,N,13,2010Y 12M?~ 2013Y 09M,2010Y 12M?~ 2013Y 09M,127.7461111,37.20527778,127-44-46,1937-12-19,266234.143,512055.371
POINT(297956.52296073123579845 551401.94533812021836638),39,Maeil,1006610,Kwater,100601,T/M,Hangang,165.1,,,71.2,0,186.458,,N,8.6,2001Y 10M?~ 2013Y 09M,2000Y 06M?~ 2013Y 09M,128.1086111,37.55694444,128-06-31,37-33-25,297956.523,551401.945
POINT(286712.63179477676749229 544431.69404364167712629),41,Hoengseong,1006650,MOLIT,100605,T/M,Hangang,209,,2660,58.2,49.1,107.053,115.878,N,8,1972Y 08M?~ 2013Y 09M,1963Y 05M?~ 2013Y 09M,127.9805556,37.49527778,127-58-50,37-29-43,286712.632,544431.694
POINT(286826.00263179908506572 542983.66747700015548617),42,Jeoncheon,1006660,MOLIT,100604,T/M,Hangang,169.36,,,1.19,,107.876,115.482,N,6,2006Y 12M?~ 2013Y 09M,2006Y 12M?~ 2013Y 09M,127.9816667,37.48222222,127-58-54,37-28-56,286826.003,542983.667
POINT(284668.01366815861547366 528007.15296505857259035),43,Wonju,1006665,MOLIT,100606,T/M,Hangang,96.06,113,200,10.71,14.5,120.223,125.898,N,6,1976Y 08M?~ 2013Y 09M,1963Y 04M?~ 2013Y 09M,127.9555556,37.3475,127-57-20,37-20-51,284668.014,528007.153
POINT(281577.24138294561998919 536979.72782173426821828),44,OkSan,1006670,MOLIT,100605,T/M,Hangang,717.29,,,27,,80.576,93.665,N,0.99,2012Y 09M?~ 2013Y 09M,2012Y 09M?~ 2013Y 09M,127.9216667,37.42861111,127-55-18,37-25-43,281577.241,536979.728
POINT(279471.28955469944048673 536065.24233752652071416),45,Janghyun,1006672,MOLIT,100608,T/M,Hangang,935.23,,,32.27,,77.58,90.502,N,10,2007Y 05M?~ 2013Y 09M,2007Y 05M?~ 2013Y 09M,127.8977778,37.42055556,127-53-52,37-25-14,279471.29,536065.242
POINT(273676.36575359589187428 529506.4310310585424304),46,Ganhyeon,1006680,MOLIT,100608,T/M,Hangang,1190.27,402,300,18.84,82.1,59.492,70.556,N,11,1964Y 04M?~ 2013Y 09M,1962Y 11M?~ 2013Y 09M,127.8316667,37.36194444,127-49-54,37-21-43,273676.366,529506.431
POINT(271835.7220792697626166 523169.8685633447021246),47,Munmak,1006690,MOLIT,100610,T/M,Hangang,1336,,440,11,90.5,50.72,60.599,Y,10,1983Y 07M?~ 2013Y 09M,1981Y 01M?~ 2013Y 09M,127.8102778,37.305,127-48-37,37-18-18,271835.722,523169.869
POINT(256462.1820093464339152 501964.39300849882420152),48,Janghowon,1007605,MOLIT,100710,T/M,Hangang,431.23,,,20.33,,56.683,66.238,N,7,2006Y 12M?~ 2013Y 09M,2006Y 11M?~ 2013Y 09M,127.6352778,37.115,127-38-07,37-06-54,256462.182,501964.393
POINT(253752.93248073596623726 497044.83743509429041296),49,Chongcheon,1007610,MOLIT,100704,T/M,Hangang,99.51,,,1.8,,72.986,79.145,N,4.3,2008Y 01M?~ 2013Y 09M,2008Y 01M?~ 2013Y 09M,127.6044444,37.07083333,127-36-16,1937-04-15,253752.932,497044.837
POINT(256328.19961462629726157 507235.38283580652205274),50,Cheongmi,1007615,MOLIT,100706,T/M,Hangang,525.6,,,16,0,49.882,58.557,N,9,1984Y 07M?~ 2013Y 09M,1985Y 01M?~ 2013Y 09M,127.6341667,37.1625,127-38-03,37-09-45,256328.2,507235.383
POINT(263844.76065418357029557 511697.7573100661393255),51,Samhap,1007617,MOLIT,100706,T/M,Hangang,584.07,,,4.7,,42.076,53.904,N,11,2008Y 01M?~ 2013Y 09M,2008Y 01M?~ 2013Y 09M,127.7191667,37.20222222,127-43-09,1937-12-08,263844.761,511697.757
POINT(263352.04866098368074745 514900.42004892189288512),52,Gangcheon,1007620,MOLIT,100708,T/M,Hangang,10325.63,,,160.4,0,38.4,47.845,N,12,1994Y 12M?~ 2013Y 09M,1994Y 12M?~ 2013Y 09M,127.7138889,37.23111111,127-42-50,37-13-52,263352.049,514900.42
POINT(260399.73908237047726288 517499.27990409143967554),53,Wuman,1007625,MOLIT,100708,T/M,Hangang,10930.43,,,153.3,0,36.292,51.543,N,12,2000Y 10M?~ 2013Y 09M,2000Y 10M?~ 2013Y 09M,127.6808333,37.25472222,127-40-51,37-15-17,260399.739,517499.28
POINT(257411.11806036694906652 522072.06194401154061779),54,Yeoju,1007635,MOLIT,100708,T/M,Hangang,11095.93,502,410,145.9,347.1,32.529,46.906,N,11,1917Y 07M?~ 2013Y 09M,1915Y 03M?~ 2013Y 09M,127.6475,37.29611111,127-38-51,37-17-46,257411.118,522072.062
POINT(250784.95981848740484565 526222.22748424240853637),55,Yulgkuk,1007640,MOLIT,100710,T/M,Hangang,179.95,,,3.54,,32.057,41.227,N,8,2006Y 12M?~ 2013Y 09M,2006Y 11M?~ 2013Y 09M,127.5730556,37.33388889,127-34-23,37-20-02,250784.96,526222.227
POINT(240875.81792526028584689 518738.02875758043956012),56,Bokhagyo,1007645,MOLIT,100713,T/M,Hangang,165.54,,,14.68,0,46.237,53.09,N,6,1989Y 09M?~ 2013Y 09M,1988Y 04M?~ 2013Y 09M,127.4608333,37.26694444,127-27-39,37-16-01,240875.818,518738.029
POINT(247412.91788184031611308 526109.96210359933320433),58,Heungcheon,1007650,MOLIT,100717,T/M,Hangang,294.44,,,4.98,0,34.112,40.089,N,5,2000Y 10M?~ 2013Y 09M,2000Y 10M?~ 2013Y 09M,127.535,37.33305556,127-32-06,37-19-59,247412.918,526109.962
POINT(249817.35919754949281923 531611.7479448055382818),59,Yangcheon,1007655,MOLIT,100715,T/M,Hangang,54.41,,,3.15,,30.136,41.465,N,8.1,2006Y 12M?~ 2013Y 09M,2006Y 11M?~ 2013Y 09M,127.5625,37.3825,127-33-45,37-22-57,249817.359,531611.748
POINT(247591.46913840749766678 533664.42164650175254792),60,Ipo,1007660,MOLIT,100715,T/M,Hangang,11756.48,,,129.71,0,26.105,40.294,N,11,2000Y 10M?~ 2013Y 09M,2000Y 10M?~ 2013Y 09M,127.5375,37.40111111,127-32-15,37-24-04,247591.469,533664.422
POINT(246665.66702341919881292 540873.58000136038754135),61,Heukcheongyo,1007680,MOLIT,100717,T/M,Hangang,307.82,,,2.87,0,32.286,38.411,N,6,1989Y 03M?~ 2013Y 09M,1988Y 04M?~ 2013Y 09M,127.5275,37.46611111,127-31-39,37-27-58,246665.667,540873.58
POINT(243336.46955397434066981 543106.2441954305395484),62,Yangpyeong,1007685,MOLIT,100718,T/M,Hangang,12106.5,630,110,120.65,375.2,19.558,30.119,N,14,1959Y 07M?~ 2013Y 09M,1953Y 11M?~ 2013Y 09M,127.49,37.48638889,127-29-24,37-29-11,243336.47,543106.244
POINT(274396.46292928594630212 623619.97518852818757296),64,Pyeonghwaui Dam (Haryu),1009652,Kwater,100903,T/M,Hangang,,,,,,270.14,,N,40,2010Y 12M?~ 2013Y 09M,2010Y 12M?~ 2013Y 09M,127.8494444,38.20972222,127-50-58,38-12-35,274396.463,623619.975
POINT(281084.16779162676539272 621525.44430359581019729),66,Gagsigyo,1010640,Kwater,101003,T/M,Hangang,293.4,,,9,0,223.61,232.722,N,9.84,1999Y 07M?~ 2013Y 09M,1996Y 01M?~ 2013Y 09M,127.9255556,38.19027778,127-55-32,1938-11-25,281084.168,621525.444
POINT(268157.0345441399840638 613296.74479796213563532),68,Hwacheondam,1010660,MOLIT,101006,T/M,Hangang,4017.16,,,121.49,,0.268,184.786,N,173,1975Y 07M?~ 2013Y 09M,1967Y 01M?~ 2013Y 09M,127.7772222,38.11722222,127-46-38,1938-07-02,268157.035,613296.745
POINT(258848.96359138228581287 596696.72604218078777194),71,Chuncheondam,1010690,MOLIT,101012,T/M,Hangang,4736,,,87.49,,-0.022,107.159,N,104,1975Y 07M?~ 2013Y 09M,1967Y 01M?~ 2013Y 09M,127.6697222,37.96833333,127-40-11,37-58-06,258848.964,596696.726
POINT(259393.11598318713367917 595713.9592459766427055),72,Seowon,1010695,MOLIT,101012,T/M,Hangang,4798.78,440,1300,84.32,234,71.811,84.348,N,9,1963Y 07M?~ 2013Y 09M,1963Y 01M?~ 2013Y 09M,127.6758333,37.95944444,127-40-33,37-57-34,259393.116,595713.959
POINT(308128.99729150673374534 615765.086803880170919),73,Bukcheon,1011650,Kwater,101103,T/M,Hangang,300.2,,,7,0,232.606,239.315,N,6,2001Y 10M?~ 2013Y 09M,2000Y 04M?~ 2013Y 09M,128.2333333,38.13555556,128-14-00,1938-08-08,308128.997,615765.087
POINT(306055.83274667896330357 614103.27240228606387973),74,Wontong,1011690,Kwater,101104,T/M,Hangang,525.6,,,7,0,218.337,222.042,N,6,1975Y 07M?~ 2013Y 09M,1974Y 03M?~ 2013Y 09M,128.2094444,38.12083333,128-12-34,1938-07-15,306055.833,614103.272
POINT(316758.58524865953950211 586277.33290240739006549),75,Waeongseongdong,1012630,MOLIT,101201,T/M,Hangang,387.67,,,48.49,,373.813,389.779,N,13,2007Y 05M?~ 2013Y 09M,2007Y 05M?~ 2013Y 09M,128.3269444,37.86888889,128-19-37,37-52-08,316758.585,586277.333
POINT(315778.93789003306301311 595052.87215122662018985),76,HyeonRi,1012640,MOLIT,101204,T/M,Hangang,190.13,,,103.5,,285.965,294.476,N,6,2012Y 09M?~ 2013Y 09M,2012Y 09M?~ 2013Y 09M,128.3172222,37.94805556,128-19-02,37-56-53,315778.938,595052.872
POINT(308975.59982399170985445 601620.82835074991453439),77,Naerincheon,1012650,Kwater,101205,T/M,Hangang,1039.1,,,10,0,230.334,244.454,N,10,1975Y 07M?~ 2013Y 09M,1981Y 01M?~ 2013Y 09M,128.2408333,38.00805556,128-14-27,38-00-29,308975.6,601620.828
POINT(292793.52248720359057188 599909.98167671239934862),78,Yanggu,1012670,Kwater,101206,T/M,Hangang,2294.3,,,53.8,0,,207.901,N,53.8,1987Y 06M?~ 2013Y 09M,1987Y 06M?~ 2013Y 09M,128.0563889,37.99444444,0128-03-23,37-59-40,292793.522,599909.982
POINT(269526.56861532025504857 592617.75245211413130164),80,Cheonjeon,1012685,MOLIT,101208,T/M,Hangang,2690.19,51,540,11.35,150.25,76.049,85.728,N,9,1999Y 02M?~ 2013Y 09M,1962Y 01M?~ 2013Y 09M,127.7908333,37.93083333,127-47-27,37-55-51,269526.569,592617.752
POINT(263551.65506392833776772 588344.92759890272282064),81,Chuncheon,1013637,MOLIT,101301,T/M,Hangang,7887,,,78.32,0,0.012,74.611,N,77,1925Y 07M?~ 2013Y 09M,1914Y 10M?~ 2013Y 09M,127.7225,37.89277778,127-43-21,37-53-34,263551.655,588344.928
POINT(255789.53967981936875731 579932.60456897679250687),82,Gangchon,1013645,MOLIT,101304,T/M,Hangang,7844.9,,,64.3,0,52.497,74.669,N,20,1992Y 06M?~ 2013Y 09M,1992Y 10M?~ 2013Y 09M,127.6336111,37.8175,127-38-01,37-49-03,255789.54,579932.605
POINT(245606.23757246331661008 581411.4905069530941546),84,Gapyeong,1013655,MOLIT,101306,T/M,Hangang,305.12,,,1.15,39.2,51.83,59.901,N,8,1923Y 07M?~ 2013Y 09M,1915Y 01M?~ 2013Y 09M,127.5180556,37.83138889,127-31-05,37-49-53,245606.238,581411.491
POINT(293462.5970952280331403 579719.26098035287577659),85,Yongsun,1014620,MOLIT,101402,T/M,Hangang,327.5,,,10.16,,185.694,191.891,N,7,2009Y 10M?~ 2013Y 09M,2009Y 10M?~ 2013Y 09M,128.0613889,37.8125,128-03-41,37-48-45,293462.597,579719.261
POINT(286621.84731498011387885 576529.98333642038051039),86,Hwachon,1014630,MOLIT,101404,T/M,Hangang,523.2,,,82.85,0,152.147,167.673,N,10,1989Y 03M?~ 2013Y 09M,1989Y 01M?~ 2013Y 09M,127.9833333,37.78444444,127-59-00,37-47-04,286621.847,576529.983
POINT(282953.27258590975543484 571435.23585237609222531),88,Gyulwun,1014640,MOLIT,101406,T/M,Hangang,724.89,,,72.72,,131.685,141.94,N,8,2007Y 05M?~ 2013Y 09M,2007Y 05M?~ 2013Y 09M,127.9411111,37.73888889,127-56-28,37-44-20,282953.273,571435.236
POINT(277498.24764384177979082 565616.1433959431014955),90,Hongcheon,1014650,MOLIT,101408,T/M,Hangang,879.14,151,1340,64.26,78.5,119.731,128.596,N,9,1965Y 07M?~ 2013Y 09M,1962Y 11M?~ 2013Y 09M,127.8786111,37.68694444,127-52-43,37-41-13,277498.248,565616.143
POINT(259165.57891806191764772 566204.58519225555937737),91,Seomyeon,1014680,MOLIT,101412,T/M,Hangang,1325.36,320,,27.1,110,68.288,77.547,N,8,1982Y 06M?~ 2013Y 09M,1984Y 01M?~ 2013Y 09M,127.6708333,37.69361111,127-40-15,37-41-37,259165.579,566204.585
POINT(253399.24374711909331381 563760.38591275864746422),93,Mogok,1014696,MOLIT,101414,T/M,Hangang,86.51,,,0.87,,58.438,64.023,N,3.7,2011Y 12M?~ 2013Y 09M,2011Y 12M?~ 2013Y 09M,127.6052778,37.67194444,127-36-19,37-40-19,253399.244,563760.386
POINT(237248.28168962654308416 569375.72705712751485407),94,Cheongpyeongdam,1015640,MOLIT,101502,T/M,Hangang,10028.57,,,29.99,,0.67,55.441,N,52,1975Y 07M?~ 2013Y 09M,1967Y 01M?~ 2013Y 09M,127.4225,37.72333333,127-25-21,37-43-24,237248.282,569375.727
POINT(236557.38588838709983975 570544.24533223267644644),95,Jojong,1015644,MOLIT,101504,T/M,Hangang,254.88,,,1.9,,31.222,40.789,N,8,2006Y 12M?~ 2013Y 09M,2006Y 11M?~ 2013Y 09M,127.4147222,37.73388889,127-24-53,37-44-02,236557.386,570544.245
POINT(234975.72894503391580656 568194.1856248650001362),96,Cheongpyeong,1015645,MOLIT,101506,T/M,Hangang,10300.89,384,730,20.3,207.8,22.417,39.884,N,16,1917Y 09M?~ 2013Y 09M,1914Y 11M?~ 2013Y 09M,127.3966667,37.71277778,127-23-48,37-42-46,234975.729,568194.186
POINT(221195.66569118632469326 525910.0573785356245935),98,WolChon,1016607,MOLIT,101602,T/M,Hangang,149.1,,,23.54,,49.553,56.745,N,5.39,2012Y 09M?~ 2013Y 09M,2012Y 09M?~ 2013Y 09M,127.2391667,37.33222222,127-14-21,37-19-56,221195.666,525910.057
POINT(223289.83709517517127097 534147.06388498679734766),99,Gyeongan,1016650,MOLIT,101603,T/M,Hangang,509.4,,,12,0,34.106,42.356,N,8,,,127.2630556,37.40638889,127-15-47,37-24-23,223289.837,534147.064
POINT(225923.80945284591871314 533353.2553816115250811),100,Dopyeong,1016660,MOLIT,101604,T/M,Hangang,138.36,,,3.03,0,36.123,45.626,N,7,2002Y 06M?~ 2013Y 09M,2001Y 02M?~ 2013Y 09M,127.2927778,37.39916667,127-17-34,37-23-57,225923.809,533353.255
POINT(226021.77272340160561725 541369.30799641425255686),101,Gwangdong,1016695,MOLIT,101605,T/M,Hangang,551.39,,,3.32,,-0.057,32.321,N,30.5,2006Y 12M?~ 2013Y 09M,2006Y 12M?~ 2013Y 09M,127.2941667,37.47138889,127-17-39,37-28-17,226021.773,541369.308
POINT(221135.03384177011321299 549802.91140585066750646),103,Paldangdaegyo,1018610,MOLIT,101801,T/M,Hangang,23812.6,500,,82.3,0,5.571,19.472,N,25,1994Y 12M?~ 2013Y 09M,1994Y 01M?~ 2013Y 09M,127.2391667,37.5475,127-14-21,37-32-51,221135.034,549802.911
POINT(217236.53783954062964767 571190.39082989585585892),104,Bupyeong,1018620,MOLIT,101802,T/M,Hangang,95.35,,,20.88,0,56.285,62.113,N,5,2002Y 10M?~ 2013Y 09M,2002Y 10M?~ 2013Y 09M,127.1955556,37.74027778,127-11-44,37-44-25,217236.538,571190.391
POINT(216067.85236850989167579 567827.44543497171252966),105,Yeonpyeong,1018623,MOLIT,101802,T/M,Hangang,25.62,,,0.6,0,44.501,49.048,N,4,2002Y 10M?~ 2013Y 09M,2002Y 10M?~ 2013Y 09M,127.1822222,37.71,127-10-56,37-42-36,216067.852,567827.445
POINT(214528.32689700930495746 565789.75420166598632932),106,Naegok,1018625,MOLIT,101802,T/M,Hangang,150.99,,,14.88,0,33.585,39.89,N,5,2002Y 10M?~ 2013Y 09M,2002Y 10M?~ 2013Y 09M,127.1647222,37.69166667,127-09-53,37-41-30,214528.327,565789.754
POINT(213408.83242386905476451 561163.25146328681148589),107,Toegyewon,1018630,MOLIT,101803,T/M,Hangang,202.2,240,,7,0,22.349,27.641,N,7,1984Y 07M?~ 2013Y 09M,1986Y 01M?~ 2013Y 09M,127.1519444,37.65,0127-09-07,37-39-00,213408.832,561163.251
POINT(212649.7180750333936885 560637.9365928708575666),108,Galmae,1018635,MOLIT,101803,T/M,Hangang,44.66,,,1.15,0,21.486,26.224,N,4,2002Y 10M?~ 2013Y 09M,2002Y 10M?~ 2013Y 09M,127.1433333,37.64527778,127-08-36,37-38-43,212649.718,560637.937
POINT(209769.98743317541084252 549565.96370780072174966),109,Gwangjang,1018640,MOLIT,101807,T/M,Hangang,24137,980,800,76.08,422.1,5.284,22.073,N,14,1963Y 07M?~ 2013Y 09M,1962Y 08M?~ 2013Y 09M,127.1105556,37.54555556,127-06-38,37-32-44,209769.987,549565.964
POINT(209596.00435439951252192 530081.47410223784390837),110,Gungnae,1018650,MOLIT,101804,T/M,Hangang,80.34,,,19.62,0,33.094,40.821,N,6,2002Y 10M?~ 2013Y 09M,2002Y 10M?~ 2013Y 09M,127.1083333,37.37,0127-06-30,37-22-12,209596.004,530081.474
POINT(210836.61163111950736493 541058.24989741714671254),111,Seongnam,1018655,MOLIT,101805,T/M,Hangang,203.8,,,8,0,9.555,20.559,N,9,1984Y 07M?~ 2013Y 09M,1986Y 01M?~ 2013Y 09M,127.1225,37.46888889,0127-07-21,37-28-08,210836.612,541058.25
POINT(205524.89086475735530257 547064.83215683919843286),112,Yeongdongdaegyo,1018662,MOLIT,101807,T/M,Hangang,,,,61,0,1.747,23.664,Y,18,2000Y 10M?~ 2013Y 09M,2000Y 03M?~ 2013Y 09M,127.0625,37.52305556,127-03-45,37-31-23,205524.891,547064.832
POINT(204701.18398033108678646 570618.76791747380048037),113,Singok,1018665,MOLIT,101808,T/M,Hangang,80.33,,,26.6,0,33.058,39.713,N,6,2002Y 10M?~ 2013Y 09M,2002Y 10M?~ 2013Y 09M,127.0533333,37.73527778,0127-03-12,37-44-07,204701.184,570618.768
POINT(204413.94091828764067031 558286.33525473531335592),114,Wui,1018670,MOLIT,101810,T/M,Hangang,157.12,,,14.51,0,16.359,24.01,N,5,2002Y 10M?~ 2013Y 09M,2002Y 10M?~ 2013Y 09M,127.05,37.62416667,127-03-00,37-37-27,204413.941,558286.335
POINT(206231.20643332606414333 554772.84549834521021694),115,Jungranggyo,1018675,MOLIT,101810,T/M,Hangang,208,,,8.3,0,9.165,18.665,N,9.5,1991Y 05M?~ 2013Y 09M,1994Y 04M?~ 2013Y 09M,127.0705556,37.5925,0127-04-14,37-35-33,206231.206,554772.845
POINT(199533.40848018130054697 546292.26337492663878947),116,Jamsugyo,1018680,MOLIT,101811,T/M,Hangang,24578,,,50.2,0,-0.068,11.203,Y,13,1984Y 07M?~ 2013Y 09M,1987Y 01M?~ 2013Y 09M,126.9947222,37.51611111,126-59-41,37-30-58,199533.408,546292.263
POINT(196168.97183491254691035 546108.15325838245917112),117,Hangangdaegyo,1018683,MOLIT,101812,T/M,Hangang,24753.2,1030,330,43.4,444.8,2.07,18.566,Y,14,1918Y 08M?~ 2013Y 09M,1918Y 08M?~ 2013Y 09M,126.9566667,37.51444444,126-57-24,37-30-52,196168.972,546108.153
POINT(191416.76709671385469846 533934.0213648296194151),118,Anyang,1018690,MOLIT,101815,T/M,Hangang,242.4,,,19.3,0,16.85,23.368,N,6,1984Y 07M?~ 2013Y 09M,1986Y 01M?~ 2013Y 09M,126.9030556,37.40472222,126-54-11,37-24-17,191416.767,533934.021
POINT(190611.10233484630589373 539206.71761592000257224),119,Sihueng,1018693,MOLIT,101815,T/M,Hangang,139.73,,,12.75,0,6.369,14.742,N,5,2002Y 10M?~ 2013Y 09M,2002Y 10M?~ 2013Y 09M,126.8938889,37.45222222,126-53-38,37-27-08,190611.102,539206.718
POINT(186363.89975242721266113 542172.23078940424602479),120,Cheonwang,1018695,MOLIT,101815,T/M,Hangang,42.32,,,3.17,0,7.367,12.577,N,5,2002Y 10M?~ 2013Y 09M,2002Y 10M?~ 2013Y 09M,126.8458333,37.47888889,126-50-45,37-28-44,186363.9,542172.231
POINT(188874.36888907896354795 545436.45444941404275596),121,Sinjeong,1018697,MOLIT,101815,T/M,Hangang,214.06,,,5.96,0,2.996,15.916,N,7,2002Y 02M?~ 2013Y 09M,2002Y 02M?~ 2013Y 09M,126.8741667,37.50833333,126-52-27,37-30-30,188874.369,545436.454
POINT(183270.34128614165820181 555465.64470464736223221),122,Haengjudaegyo,1019630,MOLIT,101904,T/M,Hangang,25232.2,198,750,26.6,461.6,0.803,14.903,Y,15,1917Y 09M?~ 2013Y 09M,1994Y 01M?~ 2013Y 09M,126.8105556,37.59861111,126-48-38,37-35-55,183270.341,555465.645
POINT(170381.47645790799288079 566292.52358622732572258),123,Jeonryu,1019675,MOLIT,101907,T/M,Hangang,25696.84,760,580,14.87,479.6,-0.1,6.978,Y,9,1965Y 07M?~ 2013Y 09M,1978Y 01M?~ 2013Y 09M,126.6641667,37.69583333,126-39-51,37-41-45,170381.476,566292.524
POINT(196540.72186826713732444 612302.96029774053022265),124,Hoengsan,1021650,MOLIT,102109,T/M,Hangang,3999.7,,,75.3,0,31,44.279,N,12.2,2002Y 04M?~ 2013Y 09M,2002Y 04M?~ 2013Y 09M,126.9605556,38.11083333,126-57-38,38-06-39,196540.722,612302.96
POINT(201388.6925200525438413 611654.85280254657845944),125,Gun Nam Hong Su Jo Jul Ji,1021660,Kwater,102108,T/M,Hangang,,,,,,0,33.7,N,11,2013Y 07M?~ 2013Y 09M,2013Y 07M?~ 2013Y 09M,127.0158333,38.105,127-00-57,1938-06-18,201388.693,611654.853
POINT(201535.89037138954154216 606259.14279028307646513),126,Gunnam,1021680,MOLIT,102109,T/M,Hangang,4268,,,70.2,0,17.964,33.965,N,14,1999Y 03M?~ 2013Y 09M,1996Y 05M?~ 2013Y 09M,127.0175,38.05638889,0127-01-03,1938-03-23,201535.89,606259.143
POINT(232778.21164356166264042 627384.34402703784871846),127,Jangsu,1022626,MOLIT,102202,T/M,Hangang,358.42,,,7.81,,193.338,206.481,N,9,2011Y 12M?~ 2013Y 09M,2011Y 12M?~ 2013Y 09M,127.3744444,38.24611111,127-22-28,38-14-46,232778.212,627384.344
POINT(230545.42100382893113419 632679.12688055681064725),128,Jeongyeon,1022630,MOLIT,102203,T/M,Hangang,358.41,65,,82.33,0,187.501,196.629,N,9,2001Y 07M?~ 2013Y 09M,2001Y 07M?~ 2013Y 09M,127.3491667,38.29388889,127-20-57,38-17-38,230545.421,632679.127
POINT(223430.90861717824009247 613908.44108044332824647),129,Gwanin,1022640,MOLIT,102204,T/M,Hangang,1107.41,128,,48.97,0,91.718,99.715,N,10,1999Y 03M?~ 2013Y 09M,1997Y 07M?~ 2013Y 09M,127.2672222,38.125,127-16-02,1938-07-30,223430.909,613908.441
POINT(220713.20835561671992764 600272.90473810536786914),130,Eunhyun,1022648,MOLIT,102209,T/M,Hangang,240.04,,,0.63,,61.322,70.115,N,8,2008Y 10M?~ 2013Y 09M,2008Y 10M?~ 2013Y 09M,127.2358333,38.00222222,127-14-09,38-00-08,220713.208,600272.905
POINT(219003.54292794450884685 601070.39834242907818407),131,Yeongjung,1022650,MOLIT,102210,T/M,Hangang,465.88,191,,11.96,0,56.874,64.899,N,7,1999Y 03M?~ 2013Y 09M,1996Y 06M?~ 2013Y 09M,127.2163889,38.00944444,127-12-59,38-00-34,219003.543,601070.398
POINT(212537.5007357828435488 601982.89523689867928624),132,Gososung,1022655,MOLIT,102210,T/M,Hangang,551.2,,,4.7,,44.553,60.964,N,14,2006Y 12M?~ 2013Y 09M,2006Y 11M?~ 2013Y 09M,127.1427778,38.01777778,127-08-34,1938-01-04,212537.501,601982.895
POINT(206734.48577706937794574 599201.13303573115263134),133,Cheongsan,1022670,MOLIT,102213,T/M,Hangang,200.59,,,13.11,,27.429,36.242,N,8.5,2008Y 10M?~ 2013Y 09M,2008Y 10M?~ 2013Y 09M,127.0766667,37.99277778,127-04-36,37-59-34,206734.486,599201.133
POINT(204927.78126342414179817 600988.12207184836734086),134,Jeongok,1022680,MOLIT,102215,T/M,Hangang,2425.3,328,,7.17,0,19.806,37.056,N,14,1999Y 03M?~ 2013Y 09M,1996Y 05M?~ 2013Y 09M,127.0561111,38.00888889,0127-03-22,38-00-32,204927.781,600988.122
POINT(198536.65848736875341274 602990.87588769651483744),135,Samhwa,1023640,MOLIT,102301,T/M,Hangang,6678.3,,,58.39,,5.374,37.267,N,20,2011Y 12M?~ 2013Y 09M,2011Y 12M?~ 2013Y 09M,126.9833333,38.02694444,126-59-00,38-01-37,198536.658,602990.876
POINT(192874.33415888523450121 598307.32663823664188385),136,Jeogseong,1023660,MOLIT,102301,T/M,Hangang,6724.04,,,53.35,0,7.428,24.042,N,20,1999Y 03M?~ 2013Y 09M,1997Y 08M?~ 2013Y 09M,126.9188889,37.98472222,126-55-08,37-59-05,192874.334,598307.327
POINT(189289.72528117903857492 600315.34131287166383117),137,Samicheon,1023662,MOLIT,102302,T/M,Hangang,182.23,,,2.81,,5.687,23.297,N,12,2010Y 12M?~ 2013Y 09M,2010Y 12M?~ 2013Y 09M,126.8780556,38.00277778,126-52-41,38-00-10,189289.725,600315.341
POINT(177304.85870379250263795 589394.32317461911588907),138,TongIldaegyo,1023670,MOLIT,102304,T/M,Hangang,7409.55,838,,25.5,0,1.302,18.504,N,20,1999Y 03M?~ 2013Y 09M,1998Y 06M?~ 2013Y 09M,126.7419444,37.90416667,126-44-31,37-54-15,177304.859,589394.323
POINT(180972.40248312102630734 580166.27056550804991275),139,Moonsan,1023680,MOLIT,102306,T/M,Hangang,146.57,,,6.05,,2.072,13.346,Y,9,2012Y 09M?~ 2013Y 09M,2012Y 09M?~ 2013Y 09M,126.7838889,37.82111111,126-47-02,37-49-16,180972.402,580166.271
POINT(223834.68011415642104112 489293.0935886442894116),140,Anseong,1101610,MOLIT,110101,T/M,Anseongcheon,107.49,348,250,52.75,20.7,22.406,28.888,N,6,1964Y 04M?~ 2013Y 09M,1962Y 11M?~ 2013Y 09M,127.2677778,37.00222222,127-16-04,37-00-08,223834.68,489293.094
POINT(216274.98589412297587842 486099.99854423943907022),141,Gongdo,1101620,MOLIT,110107,T/M,Anseongcheon,367.5,,,42.62,0,8.321,15.809,N,8,1996Y 09M?~ 2013Y 09M,1995Y 08M?~ 2013Y 09M,127.1827778,36.97361111,127-10-58,36-58-25,216274.986,486099.999
POINT(209869.29767036138218828 485720.20281374920159578),142,Yangryeong,1101630,MOLIT,110107,T/M,Anseongcheon,489.42,351,1400,36.95,24.7,3.761,12.825,N,8,1930Y 07M?~ 2013Y 09M,1929Y 01M?~ 2013Y 09M,127.1108333,36.97027778,127-06-39,36-58-13,209869.298,485720.203
POINT(207122.46241551049752161 487197.14917702943785116),143,Pyeongtaek,1101635,MOLIT,110107,T/M,Anseongcheon,585.9,,,33.25,32.3,0.129,11.855,N,10,1930Y 07M?~ 2013Y 09M,1965Y 01M?~ 2013Y 09M,127.08,36.98361111,127-04-48,36-59-01,207122.462,487197.149
POINT(205331.2437771444383543 503996.79342982557136565),144,Tapdong,1101645,MOLIT,110111,T/M,Anseongcheon,126.3,,,4.92,,10.736,20.836,N,8,2009Y 10M?~ 2013Y 09M,2009Y 10M?~ 2013Y 09M,127.06,37.135,127-03-36,1937-08-06,205331.244,503996.793
POINT(199975.31264343927614391 502731.1685132616548799),145,Songsan,1101650,MOLIT,110113,T/M,Anseongcheon,237.61,292,740,3.62,30,4.333,12.668,N,5,1935Y 07M?~ 2013Y 09M,1932Y 06M?~ 2013Y 09M,126.9997222,37.12361111,126-59-59,1937-07-25,199975.313,502731.169
POINT(204617.89942672871984541 499557.17884977522771806),146,Jinwi,1101663,MOLIT,110114,T/M,Anseongcheon,202.8,,,19.61,,5.334,15.783,N,7,2010Y 12M?~ 2013Y 09M,2010Y 12M?~ 2013Y 09M,127.0519444,37.095,0127-03-07,37-05-42,204617.899,499557.179
POINT(202568.20914985370473005 499679.6171757613774389),147,Hoehwa,1101665,MOLIT,110114,T/M,Anseongcheon,357.9,236,670,17.11,33.1,4.977,12.681,N,7.2,1930Y 07M?~ 2013Y 09M,1929Y 01M?~ 2013Y 09M,127.0288889,37.09611111,127-01-44,37-05-46,202568.209,499679.617
POINT(199777.62390861345920712 494839.31066448730416596),148,Dongyeongyo,1101670,MOLIT,110115,T/M,Anseongcheon,652.8,,,11.11,0,-0.283,12.757,N,10,1986Y 06M?~ 2013Y 09M,1986Y 01M?~ 2013Y 09M,126.9975,37.0525,126-59-51,1937-03-09,199777.624,494839.311
POINT(202992.63979906300664879 486578.14598327630665153),149,Paengseong,1101680,MOLIT,110116,T/M,Anseongcheon,1405.98,,,25.75,,0.296,13.965,N,,2007Y 05M?~ 2013Y 09M,2007Y 05M?~ 2013Y 09M,127.0336111,36.97805556,0127-02-01,36-58-41,202992.64,486578.146
POINT(157883.18824461777694523 570354.92067577911075205),150,Ganghwa,1201620,MOLIT,120104,T/M,Hangangseohae,,,,0,0,0.135,7.151,Y,12,2002Y 10M?~ 2013Y 09M,2002Y 10M?~ 2013Y 09M,126.5222222,37.73194444,126-31-20,37-43-55,157883.188,570354.921
POINT(343171.36190171825001016 609613.01939754746854305),151,Yangyang,1301658,MOLIT,130107,T/M,Hangangdonghae,447.59,,,3.73,0,0.502,10.238,N,8,2006Y 01M?~ 2013Y 09M,2006Y 01M?~ 2013Y 09M,128.6316667,38.07527778,128-37-54,38-04-31,343171.362,609613.019
POINT(364825.52228986960835755 573127.48777454218361527),152,Gangryung,1302648,MOLIT,130204,T/M,Hangangdonghae,180.5,197,3000,8.59,26.35,15.631,23.26,N,6,1982Y 08M?~ 2013Y 09M,1946Y 06M?~ 2013Y 09M,128.87,37.74305556,128-52-12,37-44-35,364825.522,573127.488
POINT(387952.93249581125564873 544960.94079054123722017),153,Bukpyeong,1302668,MOLIT,130207,T/M,Hangangdonghae,112.37,196,220,2.1,16.3,0.192,8.33,N,6,2006Y 01M?~ 2013Y 09M,2006Y 01M?~ 2013Y 09M,129.125,37.485,0129-07-30,37-29-06,387952.932,544960.941
POINT(391857.71786437014816329 539805.2441689275437966),154,SamcheoK,1303680,MOLIT,101700,T/M,Hangang,391.1,,,2.37,0,-1.65,9.517,N,10,2006Y 01M?~ 2013Y 09M,2006Y 01M?~ 2013Y 09M,129.1677778,37.43777778,0129-10-04,37-26-16,391857.718,539805.244
POINT(379389.65932993264868855 501584.9027892179437913),155,jangseong,2001610,MOLIT,200101,T/M,Nakdonggang,,,,,,552.148,560.849,N,10,2009Y 10M?~ 2013Y 09M,2009Y 10M?~ 2013Y 09M,129.0177778,37.09611111,0129-01-04,37-05-46,379389.659,501584.903
POINT(383270.14387928659562021 483252.49817302392330021),156,buncheon,2001628,MOLIT,200103,T/M,Nakdonggang,,,,,,320.26,327.744,N,10,2009Y 10M?~ 2013Y 09M,2009Y 10M?~ 2013Y 09M,129.0569444,36.93027778,0129-03-25,36-55-49,383270.144,483252.498
POINT(378404.24910430581076071 477935.99553866439964622),157,Socheon,2001630,Kwater,200105,T/M,Nakdonggang,652,,,420,0,250.079,262.029,N,9.7,1985Y 08M?~ 2013Y 09M,1987Y 06M?~ 2013Y 09M,129.0011111,36.88333333,129-00-04,36-52-60,378404.249,477935.996
POINT(369639.94869003805797547 475104.17789925477700308),158,ungok,2001655,MOLIT,200106,T/M,Nakdonggang,,,,,,196.661,204.956,N,10,2009Y 10M?~ 2013Y 09M,2009Y 10M?~ 2013Y 09M,128.9022222,36.85944444,128-54-08,36-51-34,369639.949,475104.178
POINT(369337.4260914942715317 464118.01509419758804142),159,Dosan,2001660,Kwater,200108,T/M,Nakdonggang,1163,,,384,0,168,173.473,N,8,1984Y 07M?~ 2013Y 09M,1987Y 06M?~ 2013Y 09M,128.8963889,36.76055556,128-53-47,36-45-38,369337.426,464118.015
POINT(388353.91657955414848402 452578.40636247966904193),163,Geomam,2002620,Kwater,200203,T/M,Nakdonggang,334,,,415,0,209.601,216.454,N,9,1965Y 07M?~ 2013Y 09M,1962Y 11M?~ 2013Y 09M,129.1063889,36.65305556,0129-06-23,36-39-11,388353.917,452578.406
POINT(382039.8841153746470809 429093.00393993710167706),167,Cheongsong,2002655,Kwater,200209,T/M,Nakdonggang,305,,,386,0,172.454,179.988,N,7,1987Y 06M?~ 2013Y 09M,1987Y 06M?~ 2013Y 09M,129.0302778,36.44277778,129-01-49,36-26-34,382039.884,429093.004
POINT(365251.47393714782083407 439149.03183583403006196),170,Imha Regulation Dam,2002680,Kwater,200211,T/M,Nakdonggang,1376,,,12,0,95,114.155,N,13,1980Y 08M?~ 2013Y 09M,1987Y 06M?~ 2013Y 09M,128.8452778,36.53638889,128-50-43,36-32-11,365251.474,439149.032
POINT(371378.32052477519027889 427641.41556047915946692),171,Gilan,2002685,MOLIT,200213,T/M,Nakdonggang,411.65,,,14.5,0,138.546,145.188,N,5,1987Y 06M?~ 2013Y 09M,1987Y 06M?~ 2013Y 09M,128.9111111,36.43166667,128-54-40,36-25-54,371378.321,427641.416
POINT(360776.80353280669078231 438879.33017663995269686),172,Imha,2002692,Kwater,200215,T/M,Nakdonggang,1892,,,347,0,89.988,100.81,N,11,1987Y 06M?~ 2013Y 09M,1987Y 06M?~ 2013Y 09M,128.7952778,36.53472222,128-47-43,36-32-05,360776.804,438879.33
POINT(352188.02262478537159041 440450.30053784151095897),173,Andong,2003610,Kwater,200304,T/M,Nakdonggang,3590,,,334,0,82.78,85.429,N,8,1918Y 07M?~ 2013Y 09M,1923Y 02M?~ 2013Y 09M,128.6997222,36.55027778,128-41-59,36-33-01,352188.023,440450.301
POINT(348351.22587152745109051 439304.03285816754214466),175,Gumam,2003650,Kwater,200303,T/M,Nakdonggang,374.82,,,335,0,76.418,87.092,N,7,2006Y 02M?~ 2013Y 09M,2004Y 09M?~ 2013Y 09M,128.6566667,36.54055556,128-39-24,36-32-26,348351.226,439304.033
POINT(330963.26801659254124388 438991.32919094571843743),176,Gudam,2003670,MOLIT,200306,T/M,Nakdonggang,0,,,308,,58.914,69.369,N,12,2005Y 01M?~ 2013Y 09M,2005Y 01M?~ 2013Y 09M,128.4625,36.54027778,128-27-45,36-32-25,330963.268,438991.329
POINT(322247.62371451215585694 437753.24843150877859443),177,Jibo,2003690,MOLIT,200308,T/M,Nakdonggang,4516.9,,,307.7,0,54.402,64.899,N,9,1987Y 06M?~ 2013Y 09M,1987Y 06M?~ 2013Y 09M,128.365,36.53027778,128-21-54,36-31-49,322247.624,437753.248
POINT(350657.58964067016495392 460992.75981207913719118),179,Songriwon,2004625,MOLIT,200407,T/M,Nakdonggang,482,,,63.8,0,134.269,138.292,N,5,1983Y 06M?~ 2013Y 09M,1971Y 06M?~ 2013Y 09M,128.6866667,36.73555556,128-41-12,36-44-08,350657.59,460992.76
POINT(344749.32623493100982159 463974.55977231852011755),180,Weol Ho,2004635,MOLIT,200406,T/M,Nakdonggang,,,,,,,,N,,2007Y 01M?~ 2013Y 09M,2007Y 01M?~ 2013Y 09M,128.6211111,36.76333333,128-37-16,36-45-48,344749.326,463974.56
POINT(342925.88945630309171975 458763.1129770235856995),181,Jojae,2004640,MOLIT,200407,T/M,Nakdonggang,,,,,,,,N,,2008Y 01M?~ 2013Y 09M,2007Y 12M?~ 2013Y 09M,128.5997222,36.71666667,128-35-59,36-43-00,342925.889,458763.113
POINT(335736.27876509795896709 453434.7390299387043342),182,Miho,2004650,MOLIT,200409,T/M,Nakdonggang,,,,,,,,N,,2008Y 01M?~ 2013Y 09M,2007Y 12M?~ 2013Y 09M,128.5183333,36.66972222,128-31-06,36-40-11,335736.279,453434.739
POINT(333090.99042588792508468 447812.01036884530913085),183,Weolpo,2004655,MOLIT,200409,T/M,Nakdonggang,1134.5,,,24.3,0,78.341,83.75,N,6,1982Y 06M?~ 2013Y 09M,1969Y 01M?~ 2013Y 09M,128.4877778,36.61944444,128-29-16,36-37-10,333090.99,447812.01
POINT(329534.96296250936575234 451211.18748721882002428),184,Yecheon,2004668,MOLIT,200411,T/M,Nakdonggang,202.5,,,6.6,0,81.251,87.127,N,4,1983Y 06M?~ 2013Y 09M,1963Y 01M?~ 2013Y 09M,128.4486111,36.65055556,128-26-55,36-39-02,329534.963,451211.187
POINT(320671.05134362628450617 443712.70652255578897893),185,Jukjeon,2004675,MOLIT,200416,T/M,Nakdonggang,1484,,,10.1,0,60.352,67.084,N,8,1980Y 07M?~ 2013Y 09M,1971Y 01M?~ 2013Y 09M,128.3483333,36.58416667,128-20-54,36-35-03,320671.051,443712.707
POINT(318082.07658775651361793 443923.44251455215271562),186,Hyang Seok,2004680,MOLIT,200416,T/M,Nakdonggang,,,,,,,,N,,2007Y 01M?~ 2013Y 09M,2007Y 01M?~ 2013Y 09M,128.3194444,36.58638889,128-19-10,36-35-11,318082.077,443923.443
POINT(313000.13027357961982489 446537.60965871519874781),187,Sanyang,2004695,MOLIT,200415,T/M,Nakdonggang,215,,,6,0,68.071,73.093,N,5,1981Y 06M?~ 2013Y 09M,1969Y 01M?~ 2013Y 09M,128.2630556,36.61055556,128-15-47,36-36-38,313000.13,446537.61
POINT(297158.35491626331349835 449488.64675567031372339),188,Galma,2005640,MOLIT,200502,T/M,Nakdonggang,,,,,,126.77,135.247,N,9.5,2012Y 01M?~ 2013Y 09M,2011Y 12M?~ 2013Y 09M,128.0863889,36.63888889,0128-05-11,36-38-20,297158.355,449488.647
POINT(302715.13032726082019508 450231.62240279745310545),189,Mungyeoung,2005650,Kwater,200504,T/M,Nakdonggang,525.7,,,19.5,0,88.583,94.183,N,5.45,2002Y 03M?~ 2013Y 09M,1999Y 06M?~ 2013Y 09M,128.1486111,36.645,128-08-55,36-38-42,302715.13,450231.622
POINT(308879.00704264652449638 444172.00782927189720795),190,Jeomchon,2005660,MOLIT,200504,T/M,Nakdonggang,608,,,12,0,62.856,71.471,N,7,1981Y 06M?~ 2013Y 09M,1966Y 08M?~ 2013Y 09M,128.2166667,36.58972222,128-12-60,36-35-23,308879.007,444172.008
POINT(303793.71733683155616745 439083.64721067814389244),191,Ian,2005680,MOLIT,200506,T/M,Nakdonggang,195.5,,,12.1,0,66.573,71.232,N,4,1983Y 06M?~ 2013Y 09M,1969Y 01M?~ 2013Y 09M,128.1591667,36.54444444,128-09-33,36-32-40,303793.717,439083.647
POINT(302997.41084299318026751 420298.29433512681862339),193,Gajang,2006630,MOLIT,200601,T/M,Nakdonggang,151.8,,,13.1,0,56.92,62.165,N,6,1980Y 06M?~ 2013Y 09M,1969Y 01M?~ 2013Y 09M,128.1477778,36.37527778,128-08-52,36-22-31,302997.411,420298.294
POINT(303924.20953288616146892 426167.12078000337351114),194,Sangju,2006665,MOLIT,200602,T/M,Nakdonggang,117.8,,,8.9,0,52.229,59.802,N,7,1983Y 07M?~ 2013Y 09M,1969Y 01M?~ 2013Y 09M,128.1588889,36.42805556,128-09-32,36-25-41,303924.21,426167.121
POINT(306525.19817645050352439 425366.32485684228595346),195,dongmoon,2006675,MOLIT,200602,T/M,Nakdonggang,,,,,,46.96,55.426,N,10,2009Y 10M?~ 2013Y 09M,2009Y 10M?~ 2013Y 09M,128.1877778,36.42055556,0128-11-16,36-25-14,306525.198,425366.325
POINT(312974.58147073665168136 439014.16151342279044911),196,Mal Eung,2007620,MOLIT,200701,T/M,Nakdonggang,,,,,,,,N,,2007Y 01M?~ 2013Y 09M,2007Y 01M?~ 2013Y 09M,128.2616667,36.54277778,128-15-42,36-32-34,312974.581,439014.162
POINT(316064.37122011359315366 440504.36971009324770421),197,Dalji,2007640,MOLIT,200701,T/M,Nakdonggang,6375.3,,,283.3,0,49.819,64.668,N,12,1917Y 09M?~ 2013Y 09M,1963Y 02M?~ 2013Y 09M,128.2963889,36.55583333,128-17-47,36-33-21,316064.371,440504.37
POINT(313302.87743965385016054 434856.12764327367767692),198,Sabeol,2007660,MOLIT,200702,T/M,Nakdonggang,7247.9,,,281.9,0,44.276,61.888,N,9,1987Y 06M?~ 2013Y 09M,1987Y 06M?~ 2013Y 09M,128.2647222,36.50527778,128-15-53,36-30-19,313302.877,434856.128
POINT(364227.6898761996999383 397156.895688132266514),199,Donggok2,2008605,Kwater,200801,T/M,Nakdonggang,,,,,,,,N,,2010Y 09M?~ 2013Y 09M,2010Y 09M?~ 2013Y 09M,128.825,36.15833333,128-49-30,1936-09-30,364227.69,397156.896
POINT(357916.97097353718709201 393494.26107547472929582),200,Goro,2008621,Kwater,200801,T/M,Nakdonggang,,,,,,,,N,,2010Y 09M?~ 2013Y 09M,2010Y 09M?~ 2013Y 09M,128.7541667,36.12638889,128-45-15,36-07-35,357916.971,393494.261
POINT(350433.68869578372687101 399498.69084630650468171),201,Miseong,2008630,MOLIT,200802,T/M,Nakdonggang,0,,,0,0,102.503,109.862,N,7,1982Y 07M?~ 2013Y 09M,1982Y 01M?~ 2013Y 09M,128.6722222,36.18166667,128-40-20,36-10-54,350433.689,399498.691
POINT(344586.03487053071148694 411425.65153323695994914),202,Deokeun,2008631,MOLIT,200806,T/M,Nakdonggang,,,,,,58.167,65.151,N,6.6,2012Y 03M?~ 2013Y 09M,2012Y 03M?~ 2013Y 09M,128.6094444,36.29,128-36-34,36-17-24,344586.035,411425.652
POINT(333678.65334006410557777 416215.37682750629028305),203,bian,2008632,MOLIT,200809,T/M,Nakdonggang,,,,,,46.819,59.153,N,10,2009Y 10M?~ 2013Y 09M,2009Y 10M?~ 2013Y 09M,128.4888889,36.33472222,128-29-20,36-20-05,333678.653,416215.377
POINT(342670.05469530390109867 398844.15033416100777686),204,Byeongcheon,2008635,MOLIT,200803,T/M,Nakdonggang,0,,,0,0,85.39,92.248,N,5,1982Y 09M?~ 2013Y 09M,1982Y 01M?~ 2013Y 09M,128.5858333,36.17694444,128-35-09,36-10-37,342670.055,398844.15
POINT(342584.8442508727312088 396406.82324078888632357),205,Hyoryeong,2008645,MOLIT,200804,T/M,Nakdonggang,0,,,0,0,92.971,99.176,N,6,1982Y 07M?~ 2013Y 09M,1982Y 01M?~ 2013Y 09M,128.5844444,36.155,128-35-04,1936-09-18,342584.844,396406.823
POINT(340715.82347931829281151 400662.49887341447174549),206,Museong,2008650,MOLIT,200805,T/M,Nakdonggang,0,,,0,0,79.584,87.037,N,6,1982Y 07M?~ 2013Y 09M,1982Y 01M?~ 2013Y 09M,128.5644444,36.19361111,128-33-52,36-11-37,340715.823,400662.499
POINT(325460.36831401759991422 418682.6718997199786827),207,Yonggok,2008690,MOLIT,200809,T/M,Nakdonggang,1318.3,,,14.6,0,42.231,50.971,N,6,1980Y 07M?~ 2013Y 09M,1967Y 03M?~ 2013Y 09M,128.3977778,36.35805556,128-23-52,36-21-29,325460.368,418682.672
POINT(316809.15571129490854219 418500.18017635808791965),208,Nakdong,2009620,MOLIT,200901,T/M,Nakdonggang,9369,,,247.1,0,33.161,46.863,N,11,1915Y 09M?~ 2013Y 09M,1924Y 01M?~ 2013Y 09M,128.3013889,36.3575,128-18-05,36-21-27,316809.156,418500.18
POINT(320629.4393199686310254 409179.5230444521876052),209,Ilseongyo,2009670,MOLIT,200902,T/M,Nakdonggang,9221,,,231.4,0,30.775,40.322,N,10,1983Y 06M?~ 2013Y 09M,1983Y 01M?~ 2013Y 09M,128.3425,36.27305556,128-20-33,36-16-23,320629.439,409179.523
POINT(287532.88444380729924887 376199.41022193967364728),210,Sa Deung,2010620,Kwater,201001,T/M,Nakdonggang,,,,,,197.2,204.12,N,6.92,?,?,127.9705556,35.97944444,127-58-14,35-58-46,287532.884,376199.41
POINT(291468.47053948376560584 376023.6746641177451238),211,Do Gok 2,2010623,Kwater,201001,T/M,Nakdonggang,,,,,,139.46,141.46,N,2,?,?,128.0141667,35.9775,128-00-51,35-58-39,291468.471,376023.675
POINT(290560.50311096286168322 376599.98450321133714169),212,Bu Hang Dam,2010625,Kwater,201001,T/M,Nakdonggang,,,,,,162,200.5,N,39.5,?,?,128.0041667,35.98277778,128-00-15,35-58-58,290560.503,376599.985
POINT(293153.72034141485346481 380141.34582469414453954),213,Gyo Ri,2010630,Kwater,201002,T/M,Nakdonggang,,,,,,126.57,129.15,N,2.58,?,?,128.0333333,36.01444444,128-02-00,36-00-52,293153.72,380141.346
POINT(293715.87465005129342899 381442.06597841985058039),214,Jipum,2010635,MOLIT,201002,T/M,Nakdonggang,,,,,,106.537,115.125,N,6,2012Y 01M?~ 2013Y 09M,2012Y 01M?~ 2013Y 09M,128.0397222,36.02611111,0128-02-23,36-01-34,293715.875,381442.066
POINT(301808.51942970138043165 391859.67074770055478439),215,Gimcheon,2010650,MOLIT,201004,T/M,Nakdonggang,413.3,,,48.6,0,61.085,66.11,N,5,1954Y 07M?~ 2013Y 09M,1946Y 07M?~ 2013Y 09M,128.1308333,36.11916667,128-07-51,1936-07-09,301808.519,391859.671
POINT(307375.40350866504013538 396828.08641902473755181),216,dongboo,2010660,MOLIT,201007,T/M,Nakdonggang,,,,,,57.972,48.697,N,10,2009Y 10M?~ 2013Y 09M,2009Y 10M?~ 2013Y 09M,128.1933333,36.16333333,128-11-36,36-09-48,307375.404,396828.086
POINT(317702.03790790587663651 404113.9227601719321683),217,Seonsan,2010690,MOLIT,201007,T/M,Nakdonggang,977.3,,,27.6,0,32.524,42.623,N,7,1982Y 08M?~ 2013Y 09M,1972Y 01M?~ 2013Y 09M,128.3091667,36.22777778,128-18-33,36-13-40,317702.038,404113.923
POINT(325756.01547453948296607 391246.14458900515455753),218,Gumi,2011640,MOLIT,201103,T/M,Nakdonggang,10886.1,,,212.7,0,23.784,35.07,N,11,1987Y 06M?~ 2013Y 09M,1962Y 11M?~ 2013Y 09M,128.3966667,36.11083333,128-23-48,36-06-39,325756.015,391246.145
POINT(325707.0794487334205769 378943.71485290525015444),219,Waegwan,2011650,MOLIT,201103,T/M,Nakdonggang,11074.4,,,194,0,18.967,30.578,N,9,1917Y 07M?~ 2013Y 09M,1924Y 04M?~ 2013Y 09M,128.3941667,36,128-23-39,36-00-00,325707.079,378943.715
POINT(325544.78075692005222663 365715.00085579656297341),220,Seongju,2011660,MOLIT,201104,T/M,Nakdonggang,11642.8,,,180.4,0,15.356,29.14,N,15,1987Y 06M?~ 2013Y 09M,1987Y 06M?~ 2013Y 09M,128.3902778,35.88083333,128-23-25,35-52-51,325544.781,365715.001
POINT(377556.07096413808176294 377463.77763064426835626),222,Danpogyo,2012625,MOLIT,201206,T/M,Nakdonggang,452,,,73.3,0,78.151,85.211,N,6,1988Y 06M?~ 2013Y 09M,1973Y 01M?~ 2013Y 09M,128.9686111,35.97861111,128-58-07,35-58-43,377556.071,377463.778
POINT(374871.39148344536079094 376330.59274121280759573),223,Wansan,2012628,MOLIT,201206,T/M,Nakdonggang,,,,,,,,N,,2008Y 01M?~ 2013Y 09M,2008Y 01M?~ 2013Y 09M,128.9386111,35.96888889,128-56-19,35-58-08,374871.391,376330.593
POINT(372662.25135024811606854 375207.58605647878721356),224,Seobu,2012632,MOLIT,201205,T/M,Nakdonggang,,,,,,67.72,74.338,N,7,2011Y 01M?~ 2013Y 09M,2010Y 12M?~ 2013Y 09M,128.9138889,35.95916667,128-54-50,35-57-33,372662.251,375207.586
POINT(369289.70549880957696587 371965.71708563738502562),225,Geumho,2012640,MOLIT,201207,T/M,Nakdonggang,1002,,,56.5,0,52.674,59.983,N,9,1965Y 07M?~ 2013Y 09M,1962Y 11M?~ 2013Y 09M,128.8758333,35.93055556,128-52-33,35-55-50,369289.705,371965.717
POINT(368504.81719459313899279 473601.16707093280274421),226,Bonghwa,2012645,MOLIT,200108,T/M,Nakdonggang,712.5,,,414.9,0,192.324,204.139,N,7,2006Y 01M?~ 2013Y 09M,2006Y 12M?~ 2013Y 09M,128.8891667,36.84611111,128-53-21,36-50-46,368504.817,473601.167
POINT(355654.34885588305769488 362987.81013346137478948),229,Daepyeong,2012652,MOLIT,201210,T/M,Nakdonggang,0,,,2.2,0,35.15,40.651,N,5,2001Y 01M?~ 2013Y 09M,2000Y 12M?~ 2013Y 09M,128.7230556,35.85194444,128-43-23,35-51-07,355654.349,362987.81
POINT(354932.73977966909296811 364054.35373966686893255),230,Dongho,2012653,MOLIT,201211,T/M,Nakdonggang,,,,,,29.638,37.747,N,9,2011Y 01M?~ 2013Y 09M,2010Y 12M?~ 2013Y 09M,128.7152778,35.86166667,128-42-55,35-51-42,354932.74,364054.354
POINT(347575.13745127303991467 367258.40225701843155548),231,Dongchon,2012660,MOLIT,201211,T/M,Nakdonggang,1544,,,28.9,0,25.181,35.786,N,8,1923Y 07M?~ 2013Y 09M,1923Y 06M?~ 2013Y 09M,128.6344444,35.89166667,128-38-04,35-53-30,347575.137,367258.402
POINT(344445.00857682223431766 369950.77791189064737409),232,Dongbyeon,2012665,MOLIT,201213,T/M,Nakdonggang,0,,,0.9,0,0,0,N,4,2001Y 01M?~ 2013Y 09M,2000Y 12M?~ 2013Y 09M,128.6002778,35.91638889,128-36-01,35-54-59,344445.009,369950.778
POINT(343835.29289639368653297 367350.80080921336775646),233,Chimsan,2012690,MOLIT,201216,T/M,Nakdonggang,0,,,2,0,0,0,N,7,2001Y 01M?~ 2013Y 09M,2000Y 12M?~ 2013Y 09M,128.5930556,35.89305556,128-35-35,35-53-35,343835.293,367350.801
POINT(332964.94684053026139736 362833.01743680506478995),234,Seongseo,2012695,MOLIT,201219,T/M,Nakdonggang,2110,,,1.6,0,12.898,29.063,N,11,1963Y 06M?~ 2013Y 09M,1962Y 11M?~ 2013Y 09M,128.4719444,35.85388889,128-28-19,35-51-14,332964.947,362833.017
POINT(305902.79276242590276524 365488.2936965721892193),235,Changcheon,2013615,MOLIT,201302,T/M,Nakdonggang,172,,,42.8,0,113.276,118.689,N,5,1963Y 06M?~ 2013Y 09M,1963Y 01M?~ 2013Y 09M,128.1727778,35.88111111,0128-10-22,35-52-52,305902.793,365488.294
POINT(312186.11930684029357508 342783.98905425483826548),237,Ssangrim,2013640,MOLIT,201306,T/M,Nakdonggang,,,,,,38.793,46.661,N,8,2012Y 01M?~ 2013Y 09M,2012Y 01M?~ 2013Y 09M,128.2391667,35.67583333,128-14-21,35-40-33,312186.119,342783.989
POINT(315605.27041695907246321 348715.94678574311546981),238,Goryeong,2013650,MOLIT,201303,T/M,Nakdonggang,503,,,18.5,0,22.809,29.93,N,8,1963Y 06M?~ 2013Y 09M,1962Y 11M?~ 2013Y 09M,128.2777778,35.72888889,128-16-40,35-43-44,315605.27,348715.947
POINT(321084.04461368185002357 343270.63556648627854884),240,Gaejin2,2013690,MOLIT,201307,T/M,Nakdonggang,1230.5,,,8,0,10.843,22.228,N,12,2003Y 05M?~ 2013Y 09M,2002Y 01M?~ 2013Y 09M,128.3375,35.67916667,128-20-15,35-40-45,321084.045,343270.636
POINT(333260.46687441447284073 358212.77041487582027912),241,Hwawon,2014620,MOLIT,201402,T/M,Nakdonggang,13730.7,,,165.5,0,10.772,28.65,N,16,1987Y 06M?~ 2013Y 09M,1987Y 06M?~ 2013Y 09M,128.4744444,35.81222222,128-28-28,35-48-44,333260.467,358212.77
POINT(325445.08086771774105728 351500.9190559396520257),242,Goryeonggyo,2014640,MOLIT,201402,T/M,Nakdonggang,14034.3,,,157.4,0,10.751,29.885,N,12,1977Y 04M?~ 2013Y 09M,1970Y 01M?~ 2013Y 09M,128.3869444,35.75277778,128-23-13,35-45-10,325445.081,351500.919
POINT(329797.59390456782421097 346014.11783245683182031),243,Hyeonpung,2014660,MOLIT,201403,T/M,Nakdonggang,14785.8,,,149.4,0,8.459,24.115,N,13,1921Y 07M?~ 2013Y 09M,1924Y 01M?~ 2013Y 09M,128.4341667,35.70277778,128-26-03,35-42-10,329797.594,346014.118
POINT(283726.7680737623013556 346816.75946309213759378),244,Geochang 2,2015620,Kwater,201502,T/M,Nakdonggang,180.7,,,199.2,0,195.454,199.666,N,5,1987Y 06M?~ 2013Y 09M,1987Y 06M?~ 2013Y 09M,127.9252778,35.715,127-55-31,35-42-54,283726.768,346816.759
POINT(281270.68608395504998043 343249.16149252594914287),245,Geochang 1,2015635,Kwater,201504,T/M,Nakdonggang,227,,,196.5,0,192.86,197.483,N,6,1987Y 06M?~ 2013Y 09M,1987Y 06M?~ 2013Y 09M,127.8977778,35.68305556,127-53-52,35-40-59,281270.686,343249.161
POINT(291851.5962655211915262 341471.84140398475574329),246,Jisan,2015655,Kwater,201506,T/M,Nakdonggang,159.9,,,189.4,0,224.53,233.937,N,5,1987Y 06M?~ 2013Y 09M,1987Y 06M?~ 2013Y 09M,128.0144444,35.66611111,128-00-52,35-39-58,291851.596,341471.841
POINT(305274.12781377078499645 329567.46273603546433151),251,Hapcheon,2016650,Kwater,201601,T/M,Nakdonggang,946.2,,,148,0,29.923,,N,7,1963Y 06M?~ 2013Y 09M,1962Y 11M?~ 2013Y 09M,128.1611111,35.5575,128-09-40,35-33-27,305274.128,329567.463
POINT(317216.6898320036707446 331319.24047499243170023),252,Jukgo,2016680,MOLIT,201603,T/M,Nakdonggang,1333,,,7.5,0,10.305,22.552,N,10,1965Y 07M?~ 2013Y 09M,1962Y 12M?~ 2013Y 09M,128.2930556,35.57194444,128-17-35,35-34-19,317216.69,331319.24
POINT(323278.11015508143464103 326468.35610022867331281),253,Jeokpogyo,2017620,MOLIT,201701,T/M,Nakdonggang,16449.6,,,112.4,0,5.477,23.262,N,12,1980Y 07M?~ 2013Y 09M,1981Y 01M?~ 2013Y 09M,128.3591667,35.5275,128-21-33,35-31-39,323278.11,326468.356
POINT(322359.49259211414027959 321769.8859920491813682),254,Gamam,2017630,MOLIT,201703,T/M,Nakdonggang,,,,,,6.757,22.32,N,9,2012Y 01M?~ 2013Y 09M,2012Y 01M?~ 2013Y 09M,128.3483333,35.48527778,128-20-54,35-29-07,322359.493,321769.886
POINT(327503.75943360582459718 323506.39771994552575052),255,Masuwon,2017670,MOLIT,201705,T/M,Nakdonggang,16775.1,,,107.3,0,5.381,19.229,N,13,1920Y 07M?~ 2013Y 09M,1955Y 11M?~ 2013Y 09M,128.4052778,35.50027778,128-24-19,35-30-01,327503.759,323506.398
POINT(322599.61354851175565273 317118.1738649244653061),256,Segan,2017685,MOLIT,201702,T/M,Nakdonggang,,,,,,,,N,,2008Y 01M?~ 2013Y 09M,2008Y 01M?~ 2013Y 09M,128.3502778,35.44333333,128-21-01,35-26-36,322599.614,317118.174
POINT(273853.39433789229951799 337019.7957683191052638),257,Aneui,2018608,Kwater,201802,T/M,Nakdonggang,229.63,,,6.9,0,186.173,191.195,N,6.4,1987Y 06M?~ 2013Y 09M,1987Y 06M?~ 2013Y 09M,127.8152778,35.6275,127-48-55,35-37-39,273853.394,337019.796
POINT(266373.06570941128302366 324323.80160283285658807),258,Hamysang,2018620,Kwater,201803,T/M,Nakdonggang,177.94,,,6.6,0,153.36,158.855,N,5.6,1987Y 06M?~ 2013Y 09M,1995Y 01M?~ 2013Y 09M,127.7316667,35.51361111,127-43-54,35-30-49,266373.066,324323.802
POINT(262023.9082481263903901 311871.58765874803066254),259,Macheon,2018630,Kwater,201805,T/M,Nakdonggang,246.11,,,20.1,0,244,254.155,N,11.22,1987Y 06M?~ 2013Y 09M,1987Y 10M?~ 2013Y 09M,127.6827778,35.40166667,127-40-58,35-24-06,262023.908,311871.588
POINT(271809.39729874290060252 318910.240356877038721),260,Imcheon,2018635,Kwater,201805,T/M,Nakdonggang,482.33,,,4,0,122.73,129.949,N,9.6,1987Y 06M?~ 2013Y 09M,1987Y 06M?~ 2013Y 09M,127.7911111,35.46444444,127-47-28,35-27-52,271809.397,318910.24
POINT(279394.37522507575340569 313796.00891747593414038),261,Sancheon,2018645,Kwater,201806,T/M,Nakdonggang,1158.6,,,41,0,86.152,99.91,N,15.1,1915Y 09M?~ 2013Y 09M,1912Y 01M?~ 2013Y 09M,127.8741667,35.41777778,127-52-27,35-25-04,279394.375,313796.009
POINT(301500.67002882977249101 313556.33424361678771675),263,Samga,2018655,Kwater,201809,T/M,Nakdonggang,104.15,,,32,0,81.036,88.636,N,7.45,1999Y 01M?~ 2013Y 09M,1998Y 12M?~ 2013Y 09M,128.1175,35.41361111,0128-07-03,35-24-49,301500.67,313556.334
POINT(290553.99272203753935173 303051.7955835770117119),264,Shinan,2018665,Kwater,201809,T/M,Nakdonggang,390.5,,,7.1,0,46.574,54.064,N,6.4,1987Y 06M?~ 2013Y 09M,1987Y 06M?~ 2013Y 09M,127.9958333,35.32,127-59-45,35-19-12,290553.993,303051.796
POINT(287490.67192146938759834 298521.41543471917975694),265,Danseong,2018674,MOLIT,201810,T/M,Nakdonggang,,,,,,40.634,48.314,N,7,2011Y 01M?~ 2013Y 09M,2010Y 12M?~ 2013Y 09M,127.9616667,35.27944444,127-57-42,35-16-46,287490.672,298521.415
POINT(281207.26197621127357706 297414.73940695001510903),266,Taesu,2018680,Kwater,201813,T/M,Nakdonggang,249.65,,,29.5,0,81,95.173,N,9.3,1987Y 06M?~ 2013Y 09M,1973Y 01M?~ 2013Y 09M,127.8925,35.27,127-53-33,35-16-12,281207.262,297414.739
POINT(283828.73758801264921203 287298.27603155712131411),267,Changchon,2018685,Kwater,201813,T/M,Nakdonggang,354.55,,,17.7,0,51.862,57.89,N,5.6,1987Y 06M?~ 2013Y 09M,1987Y 06M?~ 2013Y 09M,127.9202778,35.17861111,127-55-13,35-10-43,283828.738,287298.276
POINT(293045.34597482183016837 284336.82558290637098253),268,Naepyeong,2018690,Kwater,201814,T/M,Nakdonggang,2285,,,80,0,28.5,47.69,N,19.1,1987Y 06M?~ 2013Y 09M,1987Y 06M?~ 2013Y 09M,128.0211111,35.15111111,0128-01-16,1935-09-04,293045.346,284336.826
POINT(293778.13738391944207251 284467.66510370507603511),269,Sacheon,2018692,Kwater,201815,T/M,Nakdonggang,785.56,,,0.4,0,,3.209,Y,,1987Y 06M?~ 2013Y 09M,1987Y 06M?~ 2013Y 09M,128.0291667,35.15222222,128-01-45,1935-09-08,293778.137,284467.665
POINT(298971.63831887813284993 288745.65550637076376006),272,Jinju,2019615,Kwater,201901,T/M,Nakdonggang,,,,78,0,18.3,,N,7.3,1987Y 06M?~ 2013Y 09M,1989Y 07M?~ 2013Y 09M,128.0866667,35.19027778,0128-05-12,1935-11-25,298971.638,288745.656
POINT(303491.4335481051239185 294005.44613073742948472),273,Dae Gok,2019635,MOLIT,201903,T/M,Nakdonggang,,,,,,,,N,,2007Y 01M?~ 2013Y 09M,2007Y 01M?~ 2013Y 09M,128.1369444,35.23722222,0128-08-13,35-14-14,303491.434,294005.446
POINT(309150.35197435325244442 292407.47784261911874637),274,deokgok,2019640,MOLIT,201903,T/M,Nakdonggang,,,,,,53.008,39.219,N,10,2011Y 01M?~ 2013Y 09M,2010Y 12M?~ 2013Y 09M,128.1988889,35.22222222,128-11-56,35-13-20,309150.352,292407.478
POINT(317819.65005658799782395 302627.22879050846677274),275,Jeongam,2019655,MOLIT,201905,T/M,Nakdonggang,3283,,,27.5,0,6.101,17.872,N,12,1916Y 06M?~ 2013Y 09M,1955Y 10M?~ 2013Y 09M,128.2955556,35.31333333,128-17-44,35-18-48,317819.65,302627.229
POINT(329872.33337585296249017 311393.93131775729125366),276,Georyonggang,2019695,MOLIT,201910,T/M,Nakdonggang,3446.3,,,0.4,0,3.218,15.981,N,12,1917Y 07M?~ 2013Y 09M,1964Y 01M?~ 2013Y 09M,128.4294444,35.39083333,128-25-46,35-23-27,329872.333,311393.931
POINT(350029.70164472155738622 324318.13700069661717862),277,Pangok,2020603,MOLIT,202006,T/M,Nakdonggang,,,,,,,,N,,2008Y 01M?~ 2013Y 09M,2008Y 01M?~ 2013Y 09M,128.6536111,35.50444444,128-39-13,35-30-16,350029.702,324318.137
POINT(332766.34858997643459588 318835.19502228905912489),278,Jangma,2020605,MOLIT,202002,T/M,Nakdonggang,,,,,,,,N,,2008Y 01M?~ 2013Y 09M,2008Y 01M?~ 2013Y 09M,128.4625,35.4575,128-27-45,35-27-27,332766.349,318835.195
POINT(334806.49531766853760928 310634.20728455611970276),279,Jindong,2020615,MOLIT,202001,T/M,Nakdonggang,20311.3,,,84.3,0,1.929,21.757,N,20,1921Y 08M?~ 2013Y 09M,1924Y 01M?~ 2013Y 09M,128.4836111,35.38333333,128-29-01,35-23-00,334806.495,310634.207
POINT(338318.4360387065098621 310471.75517120899166912),280,Deok Nam,2020640,MOLIT,202003,T/M,Nakdonggang,,,,,,,,N,,2007Y 01M?~ 2013Y 09M,2007Y 01M?~ 2013Y 09M,128.5222222,35.38138889,128-31-20,35-22-53,338318.436,310471.755
POINT(345437.18199899652972817 312125.653801261971239),281,Imhaejin,2020650,MOLIT,202004,T/M,Nakdonggang,20685.3,,,74.9,0,1.777,12.768,N,11,1924Y 07M?~ 2013Y 09M,1955Y 10M?~ 2013Y 09M,128.6008333,35.39527778,128-36-03,35-23-43,345437.182,312125.654
POINT(349949.26468644535634667 315560.48748705571051687),282,Bugok,2020651,MOLIT,202006,T/M,Nakdonggang,,,,,,1.818,14.564,N,12,2012Y 01M?~ 2013Y 09M,2012Y 01M?~ 2013Y 09M,128.6511111,35.42555556,128-39-04,35-25-32,349949.265,315560.487
POINT(355767.04371398582588881 308968.88695689290761948),283,Susan,2020675,MOLIT,202005,T/M,Nakdonggang,20996.7,,,63,0,-0.101,13.519,N,12,1917Y 07M?~ 2013Y 09M,1924Y 02M?~ 2013Y 09M,128.7138889,35.36527778,128-42-50,35-21-55,355767.044,308968.887
POINT(365016.87415148020954803 305896.25419227272504941),284,Ma Sa,2020680,MOLIT,202007,T/M,Nakdonggang,,,,,,,,N,,2007Y 01M?~ 2013Y 09M,2007Y 01M?~ 2013Y 09M,128.815,35.33611111,128-48-54,35-20-10,365016.874,305896.254
POINT(359681.64569624536670744 337250.57316578598693013),286,Cheongdo,2021640,MOLIT,202104,T/M,Nakdonggang,287.5,,,9.5,0,53.501,61.718,N,8,1963Y 06M?~ 2013Y 09M,1962Y 11M?~ 2013Y 09M,128.7625,35.61944444,128-45-45,35-37-10,359681.646,337250.573
POINT(379752.77153940452262759 322059.63063423015410081),287,Daeri,2021650,Kwater,202105,T/M,Nakdonggang,59.4,,,29.6,0,221,225.697,N,5,2002Y 03M?~ 2013Y 09M,2001Y 01M?~ 2013Y 09M,128.9805556,35.47916667,128-58-50,35-28-45,379752.772,322059.631
POINT(360199.45798848639242351 330846.28111384407384321),289,Sangdong,2021665,MOLIT,202108,T/M,Nakdonggang,,,,,,27.675,36.43,N,9,2011Y 01M?~ 2013Y 09M,2010Y 12M?~ 2013Y 09M,128.7669444,35.56166667,128-46-01,35-33-42,360199.458,330846.281
POINT(361417.6972800234798342 323375.45253986009629443),290,Milyang1,2021675,MOLIT,202108,T/M,Nakdonggang,1265,,,19.5,0,11.336,20.447,N,9,1918Y 07M?~ 2013Y 09M,1917Y 07M?~ 2013Y 09M,128.7788889,35.49416667,128-46-44,35-29-39,361417.697,323375.453
POINT(358528.55658124701585621 322768.8134658217895776),291,Sam Mun,2021677,MOLIT,202109,T/M,Nakdonggang,,,,,,,,N,,2007Y 01M?~ 2013Y 09M,2007Y 01M?~ 2013Y 09M,128.7469444,35.48916667,128-44-49,35-29-21,358528.557,322768.813
POINT(362089.06909923243802041 319718.30388302984647453),292,Milyang2,2021685,MOLIT,202108,T/M,Nakdonggang,1330.6,,,15.5,0,0.15,11.263,N,11,1987Y 06M?~ 2013Y 09M,1987Y 06M?~ 2013Y 09M,128.7855556,35.46111111,128-47-08,35-27-40,362089.069,319718.304
POINT(365553.56011079368181527 311055.43190156138734892),293,Samrangjin,2022610,MOLIT,202201,T/M,Nakdonggang,22891.9,,,49.7,0,-0.617,7.923,Y,11,1916Y 06M?~ 2013Y 09M,1987Y 06M?~ 2013Y 09M,128.8219444,35.3825,128-49-19,35-22-57,365553.56,311055.432
POINT(381412.74553436017595232 301031.04682098177727312),294,Weolchon,2022640,MOLIT,202202,T/M,Nakdonggang,23149.9,,,25.2,0,-1.798,2.328,Y,8,1935Y 07M?~ 2013Y 09M,1972Y 01M?~ 2013Y 09M,128.9941667,35.28944444,128-59-39,35-17-22,381412.746,301031.047
POINT(385073.79189644841244444 308660.74025064206216484),295,Yangsan,2022660,MOLIT,202204,T/M,Nakdonggang,184.3,,,7.2,0,4.57,11.091,N,6,1980Y 08M?~ 2013Y 09M,1962Y 11M?~ 2013Y 09M,129.0361111,35.3575,0129-02-10,35-21-27,385073.792,308660.74
POINT(381553.53011432907078415 291505.30187705875141546),297,Gupo,2022680,MOLIT,202205,T/M,Nakdonggang,23288.7,,,17.2,0,-1.497,7.523,Y,9,1918Y 07M?~ 2013Y 09M,1986Y 01M?~ 2013Y 09M,128.9936111,35.20361111,128-59-37,1935-12-13,381553.53,291505.302
POINT(366976.96453136950731277 291440.38064941059565172),298,Jeongcheon,2022685,MOLIT,202206,T/M,Nakdonggang,,,,,,,,N,,2008Y 01M?~ 2013Y 09M,2008Y 01M?~ 2013Y 09M,128.8336111,35.20555556,128-50-01,1935-12-20,366976.965,291440.381
POINT(398930.97956486803013831 362314.16580155410338193),300,Gyeong Ju2,2101625,MOLIT,210103,T/M,hyeongsangang,0,,,33.2,0,26.706,34.81,N,8,1998Y 03M?~ 2013Y 09M,1998Y 06M?~ 2013Y 09M,129.2016667,35.83805556,0129-12-06,35-50-17,398930.98,362314.166
POINT(402233.96811689808964729 371611.77210269554052502),301,Mo A,2101650,MOLIT,210108,T/M,hyeongsangang,646.28,,,23.2,0,9.113,16.413,N,7,1985Y 06M?~ 2013Y 09M,1962Y 11M?~ 2013Y 09M,129.2405556,35.92111111,129-14-26,35-55-16,402233.968,371611.772
POINT(401699.85704239300685003 386127.72997186973225325),302,Gi Gye2,2101668,MOLIT,210107,T/M,hyeongsangang,0,,,0,,21.561,27.025,N,5,1998Y 03M?~ 2013Y 09M,1998Y 06M?~ 2013Y 09M,129.2383333,36.05194444,129-14-18,1936-03-07,401699.857,386127.73
POINT(404311.12219856947194785 378322.3988352696178481),303,An Gang,2101675,MOLIT,210108,T/M,hyeongsangang,907.57,,,13.7,0,0.766,11.645,N,10,1965Y 07M?~ 2013Y 09M,1962Y 12M?~ 2013Y 09M,129.2652778,35.98111111,129-15-55,35-58-52,404311.122,378322.399
POINT(407058.37726200243923813 379836.4726332644931972),304,Bu Jo,2101680,MOLIT,210109,T/M,hyeongsangang,971.21,,,9.3,0,-0.939,14.181,N,9,1928Y 07M?~ 2013Y 09M,1962Y 01M?~ 2013Y 09M,129.2961111,35.99416667,129-17-46,35-59-39,407058.377,379836.473
POINT(413850.76706452883081511 381942.6143757508834824),305,Dae Song,2101690,MOLIT,210109,T/M,hyeongsangang,1044.11,,,2.3,0,-0.925,6.262,Y,7,1928Y 07M?~ 2013Y 09M,1929Y 01M?~ 2013Y 09M,129.3719444,36.01166667,129-22-19,36-00-42,413850.767,381942.614
POINT(399869.27893588901497424 332849.04117374052293599),306,Jo Dong,2201630,MOLIT,220101,T/M,Taehwagang,204.03,,,24.8,0,17.445,24.074,N,7,1972Y 07M?~ 2013Y 09M,1963Y 01M?~ 2013Y 09M,129.2047222,35.5725,0129-12-17,35-34-21,399869.279,332849.041
POINT(406314.31033937277970836 330929.15927323972573504),308,Sam Ho,2201660,MOLIT,220104,T/M,Taehwagang,421.35,,,14.8,0,-0.175,10.066,N,10,1965Y 07M?~ 2013Y 09M,1963Y 03M?~ 2013Y 09M,129.2752778,35.55388889,129-16-31,35-33-14,406314.31,330929.159
POINT(409390.66883873281767592 330877.38377455889713019),309,Ul San,2201670,MOLIT,220106,T/M,Taehwagang,429.91,,,10.6,0,-0.959,9.119,Y,7,1969Y 07M?~ 2013Y 09M,1963Y 02M?~ 2013Y 09M,129.3091667,35.55277778,129-18-33,35-33-10,409390.669,330877.384
POINT(413207.03671729250345379 333620.41743821417912841),310,Beong Yeong,2201690,MOLIT,220105,T/M,Taehwagang,161.4,,,3.3,0,4.522,8.49,N,7,1965Y 07M?~ 2013Y 09M,1962Y 11M?~ 2013Y 09M,129.3519444,35.57666667,129-21-07,35-34-36,413207.037,333620.417
POINT(403250.78256668907124549 321544.29719939804635942),311,Seokcheon,2301630,MOLIT,230102,T/M,Hoeya_Suyeong,112.8,,,21.9,0,34.969,39.564,N,5,2006Y 01M?~ 2013Y 09M,1963Y 01M?~ 2013Y 09M,129.2391667,35.47,129-14-21,35-28-12,403250.783,321544.297
POINT(407965.02314923761878163 320634.65183979488210753),312,Mangyang,2301650,MOLIT,230103,T/M,Hoeya_Suyeong,129.85,,,11.6,0,7.555,16.766,N,8,2006Y 01M?~ 2013Y 09M,1963Y 01M?~ 2013Y 09M,129.2908333,35.46083333,129-17-27,35-27-39,407965.023,320634.652
POINT(378180.81344587740022689 278949.83945136645343155),313,Myoungji,2302695,Kwater,202207,T/M,Nakdonggang,,,,,0,-1.386,3.607,Y,2.5,1987Y 06M?~ 2013Y 09M,1987Y 06M?~ 2013Y 09M,128.9538889,35.09111111,128-57-14,1935-05-28,378180.813,278949.839
POINT(411379.4124977421015501 486312.2113329658168368),314,Uljn,2401620,Kwater,240106,T/M,Nakdonggangdonghae,259.2,,,8.25,0,8.281,14.881,N,6.45,2002Y 10M?~ 2013Y 09M,1999Y 06M?~ 2013Y 09M,129.3730556,36.95194444,129-22-23,36-57-07,411379.412,486312.211
POINT(407007.17691746825585142 424132.84354497212916613),315,Sangok,2402620,Kwater,240203,T/M,Nakdonggangdonghae,102.7,,,17,0,56.037,61.337,N,5.15,2002Y 12M?~ 2013Y 09M,1999Y 06M?~ 2013Y 09M,129.3072222,36.39305556,129-18-26,36-23-35,407007.177,424132.844
POINT(293850.65645722148474306 287242.45498743560165167),316,Panmun,2501620,Kwater,201814,T/M,Nakdonggang,2285,,,80,0,26.5,,N,22.7,1987Y 06M?~ 2013Y 09M,2001Y 01M?~ 2013Y 09M,128.0302778,35.17722222,128-01-49,35-10-38,293850.656,287242.455
POINT(188338.70711413148092106 328338.32144005561713129),317,Sangdong,3302643,MOLIT,201806,T/M,Nakdonggang,,,,,,,,N,,2007Y 01M?~ 2013Y 09M,2007Y 01M?~ 2013Y 09M,126.8713889,35.55194444,126-52-17,35-33-07,188338.707,328338.321
POINT(252073.82186677836580202 377520.80371401610318571),325,Bunam,3002655,MOLIT,300201,T/M,Geumgang,1021.1,,,332,,183.952,194.189,N,6,2011Y 08M?~ 2013Y 09M,2011Y 08M?~ 2013Y 09M,127.5775,35.99388889,127-34-39,35-59-38,252073.822,377520.804
POINT(245265.22918485887930728 381490.12292953359428793),331,Namil,3004645,MOLIT,300402,T/M,Geumgang,116.6,,,,,167.28,173.3,N,4,2010Y 08M?~ 2013Y 09M,2010Y 08M?~ 2013Y 09M,127.5022222,36.03,127-30-08,36-01-48,245265.229,381490.123
POINT(231416.64796259300783277 417123.25908890226855874),359,Yuseong,3009670,MOLIT,300905,T/M,Geumgang,250.5,205,,,,39.34,,N,,2001Y 04M?~ 2013Y 09M,2003Y 01M?~ 2013Y 09M,127.35,36.35166667,127-21-00,36-21-06,231416.648,417123.259
POINT(236226.45628008811036125 417727.67343587492359802),360,Dunsan,3009673,MOLIT,300905,T/M,Geumgang,280.7,,,0.8,,37.386,41.67,N,6.5,2011Y 08M?~ 2013Y 09M,2011Y 08M?~ 2013Y 09M,127.4036111,36.35694444,127-24-13,36-21-25,236226.456,417727.673
POINT(236789.82920100598130375 420103.54126549523789436),362,Hwedeok,3009680,MOLIT,300906,T/M,Geumgang,604.2,255,,,,31.19,,N,,2001Y 07M?~ 2013Y 09M,2003Y 01M?~ 2013Y 09M,127.41,36.37833333,127-24-36,36-22-42,236789.829,420103.541
POINT(242488.05970072734635323 457398.02451499504968524),372,BUK ILL,3011635,MOLIT,301110,T/M,Geumgang,896.3,,,,,29.93,41.53,N,11,1993Y 03M?~ 2013Y 09M,1993Y 03M?~ 2013Y 09M,127.4755556,36.71416667,127-28-32,36-42-51,242488.06,457398.025
POINT(244482.79768039588816464 446033.16285291116219014),373,Yongpyeonggyo,3011643,MOLIT,301110,T/M,Geumgang,130.2,,,9.8,,43.87,52.289,N,5.5,2011Y 08M?~ 2013Y 09M,2011Y 08M?~ 2013Y 09M,127.4972222,36.61166667,127-29-50,36-36-42,244482.798,446033.163
POINT(231356.95027549084625207 447239.10532413201872259),377,SEOK HWA,3011665,MOLIT,301114,T/M,Geumgang,1425,360,,,,19.78,32.06,N,12,1925Y 08M?~ 2013Y 09M,1918Y 08M?~ 2013Y 09M,127.3505556,36.62305556,127-21-02,36-37-23,231356.95,447239.105
POINT(225808.58115944167366251 441425.46587834623642266),380,Bongam,3011687,MOLIT,300101,T/M,Geumgang,41,,,2.8,,19.86,28.04,N,5.5,2011Y 08M?~ 2013Y 09M,2011Y 08M?~ 2013Y 09M,127.2883333,36.57083333,127-17-18,36-34-15,225808.581,441425.466
POINT(227124.29560117225628346 434185.60055703751277179),382,Sejong,3012602,MOLIT,301201,T/M,Geumgang,,,,,,14.5,26.79,N,11,2012Y 04M?~ 2013Y 09M,2012Y 04M?~ 2013Y 09M,127.3027778,36.50555556,127-18-10,36-30-20,227124.296,434185.601
POINT(224246.23866380655090325 431125.37458409572718665),384,GEUM HO,3012605,MOLIT,301201,T/M,Geumgang,6884.5,,,,,10.93,29.86,N,20.4,1993Y 03M?~ 2013Y 09M,1993Y 04M?~ 2013Y 09M,127.2705556,36.47805556,127-16-14,36-28-41,224246.239,431125.375
POINT(218730.22871012584073469 426333.85148563224356622),387,MA EO GU,3012612,MOLIT,301205,T/M,Geumgang,6943.82,380,750,297.2,95.8,9.28,26.23,N,9,1925Y 08M?~ 2013Y 09M,1962Y 11M?~ 2013Y 09M,127.2088889,36.435,127-12-32,36-26-06,218730.229,426333.851
POINT(211178.74945599932107143 429865.59582363103982061),388,GONG JU,3012620,MOLIT,301205,T/M,Geumgang,7149.5,515,,,,5.66,21.32,N,10,1925Y 08M?~ 2013Y 09M,1915Y 05M?~ 2013Y 09M,127.1247222,36.46694444,0127-07-29,36-28-01,211178.749,429865.596
POINT(181243.3250241412606556 425624.94793492660392076),393,Cheongyang,3012655,MOLIT,301209,T/M,Geumgang,136.3,,,,,77.05,83.72,N,3,2010Y 08M?~ 2013Y 09M,2010Y 08M?~ 2013Y 09M,126.7908333,36.42861111,126-47-27,36-25-43,181243.325,425624.948
POINT(187329.48770584090379998 414239.84389131009811535),394,GU RYONG,3012665,MOLIT,301211,T/M,Geumgang,206.3,,,,,6.7,15.67,N,8,1981Y 07M?~ 2013Y 09M,1973Y 01M?~ 2013Y 09M,126.8588889,36.32611111,126-51-32,36-19-34,187329.488,414239.844
POINT(190266.39650455163791776 408656.99244753154926002),395,GYU AM,3012675,MOLIT,301212,T/M,Geumgang,8253.4,810,,,,0.76,9.92,N,15,1925Y 08M?~ 2013Y 09M,1916Y 01M?~ 2013Y 09M,126.8916667,36.27583333,126-53-30,36-16-33,190266.397,408656.992
POINT(197876.43443216753075831 399867.20558976521715522),397,BAN JO WEON,3012685,MOLIT,301213,T/M,Geumgang,7833.2,,360,350.68,39.2,0,8.84,N,7,1925Y 08M?~ 2013Y 09M,1996Y 01M?~ 2013Y 09M,126.9763889,36.19666667,126-58-35,36-11-48,197876.434,399867.206
POINT(221226.79484234884148464 393265.805533213657327),399,Yangchon,3013605,MOLIT,301301,T/M,Geumgang,173.8,,,,,45.02,51.75,N,5,2010Y 08M?~ 2013Y 09M,2010Y 08M?~ 2013Y 09M,127.2358333,36.13694444,127-14-09,1936-08-13,221226.795,393265.806
POINT(200674.91142195736756548 395120.25439389143139124),403,GANG GYEONG,3014610,MOLIT,301403,T/M,Geumgang,9293.7,1045,,,,-0.93,13.58,N,15,1930Y 06M?~ 2013Y 09M,1990Y 01M?~ 2013Y 09M,127.0075,36.15388889,127-00-27,1936-09-14,200674.911,395120.254
POINT(175753.73993671176140197 386338.51917538966517895),406,Gisan,3014680,MOLIT,301403,T/M,Geumgang,65.8,,,,,3.65,9.14,N,5,2005Y 04M?~ 2013Y 09M,2005Y 04M?~ 2013Y 09M,126.7308333,36.07444444,126-43-51,1936-04-28,175753.74,386338.519
POINT(177613.18024143588263541 379583.45387687440961599),407,GEUM GANG HA GU YEON(NAE),3014690,KRC,301403,T/M,Geumgang,,,,,,0,,N,5,1993Y 03M?~ 2013Y 09M,1993Y 02M?~ 2013Y 09M,126.7516667,36.01361111,126-45-06,36-00-49,177613.18,379583.454
POINT(178188.05832797236507758 379150.49559327540919185),408,GEUM GANG HA GU YEON(WEO),3014695,KRC,310107,T/M,Sapgyocheon,,,,,,0,,Y,5,1993Y 03M?~ 2013Y 09M,1993Y 02M?~ 2013Y 09M,126.7580556,36.00972222,126-45-29,36-00-35,178188.058,379150.496
POINT(165662.96373110014246777 478508.66251341509632766),428,Dangjin,3201690,MOLIT,320206,T/M,Geumgangseohae,129.4,,,,,1.19,,N,4,2010Y 08M?~ 2013Y 09M,2010Y 08M?~ 2013Y 09M,126.6147222,36.90472222,126-36-53,36-54-17,165662.964,478508.663
POINT(219567.85901581266080029 374768.47110363002866507),434,GosanGyeongcheon,3301625,MOLIT,330105,T/M,Mangyeong_Dongjin,282.9,,,94.9,0,43.25,49.989,N,617.75,2003Y 08M?~ 2013Y 09M,2003Y 08M?~ 2013Y 09M,127.2169444,35.97027778,127-13-01,35-58-13,219567.859,374768.471
POINT(215590.24655709281796589 371308.47665083454921842),435,Bongdong,3301630,MOLIT,330105,T/M,Mangyeong_Dongjin,355,,,46.16,0,27.012,34.079,N,6,2000Y 01M?~ 2013Y 09M,1999Y 12M?~ 2013Y 09M,127.1727778,35.93916667,0127-10-22,35-56-21,215590.247,371308.477
POINT(220475.68320574599783868 361455.55168073566164821),437,Hwangun,3301635,MOLIT,330104,T/M,Mangyeong_Dongjin,,,,,,,,N,,2008Y 01M?~ 2013Y 09M,2008Y 01M?~ 2013Y 09M,127.2266667,35.85027778,127-13-36,35-51-01,220475.683,361455.552
POINT(214198.07600216701393947 364186.33663411776069552),438,Soyang,3301640,MOLIT,330104,T/M,Mangyeong_Dongjin,134,,,43.5,0,23.224,30.856,N,6,2000Y 01M?~ 2013Y 09M,1999Y 12M?~ 2013Y 09M,127.1572222,35.875,0127-09-26,35-52-30,214198.076,364186.337
POINT(209103.63555734534747899 366306.29104152170475572),439,Hari,3301645,MOLIT,330111,T/M,Mangyeong_Dongjin,489,,,37.22,0,7.284,15.871,N,7,2000Y 01M?~ 2013Y 09M,1999Y 12M?~ 2013Y 09M,127.1008333,35.89416667,0127-06-03,35-53-39,209103.636,366306.291
POINT(210221.81983817042782903 353578.37346929335035384),441,Pyeonghwa,3301653,MOLIT,330108,T/M,Mangyeong_Dongjin,,,,,,,,N,,2006Y 12M?~ 2013Y 09M,2006Y 12M?~ 2013Y 09M,127.1130556,35.77944444,127-06-47,35-46-46,210221.82,353578.373
POINT(217150.04641478668781929 355407.51544374827062711),443,Saekjang,3301660,MOLIT,330109,T/M,Mangyeong_Dongjin,,,,,,,,N,,2007Y 01M?~ 2013Y 09M,2007Y 01M?~ 2013Y 09M,127.1897222,35.79583333,0127-11-23,35-47-45,217150.046,355407.515
POINT(208980.24686799763003364 364333.59469105966854841),445,Jeonju,3301665,MOLIT,330109,T/M,Mangyeong_Dongjin,278,,,2.07,0,9.146,16.767,N,6,2000Y 01M?~ 2013Y 09M,1999Y 12M?~ 2013Y 09M,127.0994444,35.87638889,127-05-58,35-52-35,208980.247,364333.595
POINT(206595.56832636622129939 366550.63090009114239365),446,Daecheon,3301670,MOLIT,330111,T/M,Mangyeong_Dongjin,879.2,500,4280,35,45,2.864,12.788,N,8,1920Y 07M?~ 2013Y 09M,1917Y 05M?~ 2013Y 09M,127.0730556,35.89638889,0127-04-23,35-53-47,206595.568,366550.631
POINT(203284.26801483618328348 369168.60234060295624658),447,Insu,3301675,MOLIT,330110,T/M,Mangyeong_Dongjin,73.83,,,0.57,,3.1,12.338,N,8,2006Y 03M?~ 2013Y 09M,2005Y 05M?~ 2013Y 09M,127.0363889,35.92,0127-02-11,35-55-12,203284.268,369168.602
POINT(194007.37944975466234609 368122.09601128590293229),448,Mokcheon,3301685,MOLIT,330112,T/M,Mangyeong_Dongjin,1130,,,21.53,0,-0.091,9.677,Y,7,2000Y 01M?~ 2013Y 09M,1999Y 12M?~ 2013Y 09M,126.9336111,35.91055556,126-56-01,35-54-38,194007.379,368122.096
POINT(185582.15348218326107599 367854.45253967412281781),450,Dongjisan,3301690,MOLIT,330114,T/M,Mangyeong_Dongjin,1430,586,530,11.39,67.2,-0.252,7.546,Y,10,1920Y 07M?~ 2013Y 09M,1999Y 01M?~ 2013Y 09M,126.8402778,35.90805556,126-50-25,35-54-29,185582.153,367854.453
POINT(198213.12756794245797209 335111.24763452657498419),452,Ongdong,3302615,MOLIT,330202,T/M,Mangyeong_Dongjin,,,,,,,,N,,2007Y 01M?~ 2013Y 09M,2007Y 01M?~ 2013Y 09M,126.9802778,35.61305556,126-58-49,35-36-47,198213.128,335111.248
POINT(193584.95179712458048016 338719.32413213734980673),453,Taein,3302620,MOLIT,330202,T/M,Mangyeong_Dongjin,157,,,7.2,0,8.391,16.034,N,9,2002Y 01M?~ 2013Y 09M,2002Y 01M?~ 2013Y 09M,126.9291667,35.64555556,126-55-45,35-38-44,193584.952,338719.324
POINT(190167.0961437213991303 341896.92839936981908977),454,Sintaein,3302630,MOLIT,330208,T/M,Mangyeong_Dongjin,218,256,1260,18.59,26.35,2.261,11.165,Y,6,1956Y 06M?~ 2013Y 09M,1929Y 01M?~ 2013Y 09M,126.8913889,35.67416667,126-53-29,35-40-27,190167.096,341896.928
POINT(186023.86926707657403313 329820.99316752201411873),455,Yeonji,3302645,MOLIT,330203,T/M,Mangyeong_Dongjin,,,,,,,,N,,2007Y 01M?~ 2013Y 09M,2007Y 01M?~ 2013Y 09M,126.8458333,35.56527778,126-50-45,35-33-55,186023.869,329820.993
POINT(184591.62354086304549128 331641.72311606100993231),456,Gongpyeong,3302653,MOLIT,330203,T/M,Mangyeong_Dongjin,,,,,,,,N,,2008Y 01M?~ 2013Y 09M,2008Y 01M?~ 2013Y 09M,126.83,35.58166667,126-49-48,35-34-54,184591.624,331641.723
POINT(187872.78097141973557882 337615.74523720348952338),457,Jeongeup,3302655,MOLIT,330203,T/M,Mangyeong_Dongjin,158.05,,,5.37,0,4.976,13.928,N,9,2002Y 01M?~ 2013Y 09M,2001Y 01M?~ 2013Y 09M,126.8661111,35.63555556,126-51-58,35-38-08,187872.781,337615.745
POINT(177157.28718540866975673 338715.49327214871300384),458,Pungwal,3302657,MOLIT,330205,T/M,Mangyeong_Dongjin,,,,,,,4.366,N,5.5,2010Y 12M?~ 2013Y 09M,2010Y 12M?~ 2013Y 09M,126.7477778,35.64527778,126-44-52,35-38-43,177157.287,338715.493
POINT(187522.09157082962337881 338725.75633213995024562),459,Jeongu,3302658,MOLIT,330203,T/M,Mangyeong_Dongjin,,,,,,4.396,12.141,N,10.5,2011Y 03M?~ 2013Y 09M,2011Y 03M?~ 2013Y 09M,126.8622222,35.64555556,126-51-44,35-38-44,187522.092,338725.756
POINT(191859.19529900819179602 349723.6223897110321559),460,Yangjeon,3302660,MOLIT,330206,T/M,Mangyeong_Dongjin,,,,,,,7.548,N,7,2010Y 12M?~ 2013Y 09M,2010Y 12M?~ 2013Y 09M,126.91,35.74472222,126-54-36,35-44-41,191859.195,349723.622
POINT(183662.00271601273561828 346406.29478887637378648),461,Bu-ryang,3302665,MOLIT,330208,T/M,Mangyeong_Dongjin,502,,,10.32,0,-1.091,9.188,Y,9,2000Y 05M?~ 2013Y 09M,2000Y 05M?~ 2013Y 09M,126.8194444,35.71472222,126-49-10,35-42-53,183662.003,346406.295
POINT(180491.96336121592321433 345056.58300898585002869),462,Baeksan,3302675,MOLIT,330205,T/M,Mangyeong_Dongjin,237,,,5.29,0,0.081,6.303,Y,8,2000Y 05M?~ 2013Y 09M,2000Y 05M?~ 2013Y 09M,126.7844444,35.7025,126-47-04,35-42-09,180491.963,345056.583
POINT(183169.64998071535956115 351862.49032860901206732),463,Juksan,3302685,MOLIT,330206,T/M,Mangyeong_Dongjin,278,,,3.1,0,-0.096,9.498,Y,8,2000Y 05M?~ 2013Y 09M,2000Y 05M?~ 2013Y 09M,126.8138889,35.76388889,126-48-50,35-45-50,183169.65,351862.49
POINT(221808.54742319017532282 339822.43540747335646302),465,Gwanchon,4001620,Kwater,400103,T/M,Seonjingang,364.31,,,177.4,0,201.064,211.097,N,7.5,1990Y 05M?~ 2013Y 09M,1990Y 05M?~ 2013Y 09M,127.2408333,35.65527778,127-14-27,35-39-19,221808.547,339822.435
POINT(201260.07504759877338074 322968.20417132077272981),466,Ssangchi,4001660,Kwater,400108,T/M,Seonjingang,126.3,,,154.2,0,221.401,227.39,N,5.64,1990Y 05M?~ 2013Y 09M,1990Y 05M?~ 2013Y 09M,127.0138889,35.50361111,127-00-50,35-30-13,201260.075,322968.204
POINT(212497.14216791404760443 324980.10987226373981684),468,Gangjin,4002610,Kwater,400201,T/M,Seonjingang,,,,126.3,0,123.952,130.962,N,9.1,1990Y 05M?~ 2013Y 09M,1990Y 05M?~ 2013Y 09M,127.1377778,35.52166667,0127-08-16,35-31-18,212497.142,324980.11
POINT(213786.91977810606476851 321869.23230890819104388),469,Deokchi,4002640,MOLIT,400201,T/M,Seonjingang,817.5,186,,126,96.3,114.473,125.289,N,10,1963Y 06M?~ 2013Y 09M,1962Y 12M?~ 2013Y 09M,127.1519444,35.49361111,0127-09-07,35-29-37,213786.92,321869.232
POINT(219778.29914787400048226 313774.96531674795551226),470,Je2seomjin,4002690,MOLIT,400203,T/M,Seonjingang,967.7,238,2500,109,113.7,79.185,89.75,N,5,1973Y 08M?~ 2013Y 09M,1973Y 01M?~ 2013Y 09M,127.2177778,35.42055556,127-13-04,35-25-14,219778.299,313774.965
POINT(229384.27062933222623542 323232.08821501740021631),471,Singi,4003650,MOLIT,400302,T/M,Seonjingang,,,,,,107.98,115.298,N,8,2011Y 12M?~ 2013Y 09M,2011Y 12M?~ 2013Y 09M,127.3238889,35.50555556,127-19-26,35-30-20,229384.271,323232.088
POINT(222447.9357248502492439 315568.76253868686035275),472,Osu,4003690,MOLIT,400303,T/M,Seonjingang,350.09,132,650,3.2,35.7,84.401,90.771,N,6,1973Y 08M?~ 2013Y 09M,1973Y 01M?~ 2013Y 09M,127.2472222,35.43666667,127-14-50,35-26-12,222447.936,315568.763
POINT(220187.68292207625927404 311217.88698944239877164),473,Jeokseong,4004615,MOLIT,400401,T/M,Seonjingang,1386.6,183,1000,105.5,117.4,72.694,81.321,N,11,1919Y 09M?~ 2013Y 09M,1917Y 03M?~ 2013Y 09M,127.2222222,35.3975,127-13-20,35-23-51,220187.683,311217.887
POINT(212293.16736738689360209 308337.46405120589770377),474,Sunchang2,4004630,MOLIT,400402,T/M,Seonjingang,22.3,113,,105.4,10,85.763,91.248,N,6,1989Y 01M?~ 2013Y 09M,1963Y 02M?~ 2013Y 09M,127.1352778,35.37166667,0127-08-07,35-22-18,212293.167,308337.464
POINT(219876.5792255962442141 303543.2865521828061901),477,Daegang,4004660,MOLIT,400404,T/M,Seonjingang,1754.08,265,5000,89.1,134.1,59.793,68.08,N,9.7,1963Y 06M?~ 2013Y 09M,1962Y 11M?~ 2013Y 09M,127.2186111,35.32833333,127-13-07,35-19-42,219876.579,303543.287
POINT(239691.6891139809449669 317539.31173893209779635),479,Beon-am,4005660,MOLIT,400503,T/M,Seonjingang,217.31,78,220,40.4,14.2,132.503,138.87,N,6,1973Y 08M?~ 2013Y 09M,1973Y 01M?~ 2013Y 09M,127.4372222,35.45388889,127-26-14,35-27-14,239691.689,317539.312
POINT(235728.70831659185932949 312160.01012756454292685),480,Namwon,4005670,MOLIT,400504,T/M,Seonjingang,315.7,,,40,0,95.058,100.959,N,5,1990Y 07M?~ 2013Y 09M,1962Y 11M?~ 2013Y 09M,127.3933333,35.40555556,127-23-36,35-24-20,235728.708,312160.01
POINT(228493.23204449578770436 302210.38609615340828896),481,Songdong,4005690,MOLIT,400504,T/M,Seonjingang,475.2,,,1.2,0,49.668,58.545,N,10,2001Y 09M?~ 2013Y 09M,2001Y 09M?~ 2013Y 09M,127.3133333,35.31611111,127-18-48,35-18-58,228493.232,302210.386
POINT(233882.13062414928572252 293229.91993339260807261),482,Ogok,4006660,MOLIT,400603,T/M,Seonjingang,2406.1,,,67.4,0,34.576,42.386,N,10,1990Y 06M?~ 2013Y 09M,1990Y 06M?~ 2013Y 09M,127.3722222,35.235,127-22-20,35-14-06,233882.131,293229.92
POINT(234252.691368146071909 288855.07726728433044627),483,Amnok,4006680,MOLIT,400902,T/M,Seonjingang,2447.5,160,780,62.7,162.3,28.563,49.407,N,16,1919Y 09M?~ 2013Y 09M,1917Y 03M?~ 2013Y 09M,127.3761111,35.19555556,127-22-34,35-11-44,234252.691,288855.077
POINT(213492.61796031749690883 248368.43260160268982872),485,Gyeombaek,4007630,Kwater,400703,T/M,Seonjingang,298.1,,,110,0,111.25,119.775,N,11,1990Y 05M?~ 2013Y 09M,1990Y 05M?~ 2013Y 09M,127.1475,34.83111111,127-08-51,34-49-52,213492.618,248368.433
POINT(210367.98586572482599877 270059.20462032192153856),487,Jangjeon2,4007670,Kwater,400705,T/M,Seonjingang,264.8,,,113,0,107.736,111.876,N,3.7,1993Y 08M?~ 2013Y 09M,1993Y 08M?~ 2013Y 09M,127.1136111,35.02666667,127-06-49,35-01-36,210367.986,270059.205
POINT(221610.26706488631316461 275533.60672213992802426),489,Gwangcheon,4008650,Kwater,400801,T/M,Seonjingang,1012,,,83,0,61.311,69.981,N,7,1990Y 05M?~ 2013Y 09M,1990Y 05M?~ 2013Y 09M,127.2369444,35.07583333,127-14-13,35-04-33,221610.267,275533.607
POINT(231763.1443235989427194 284593.07452666823519394),492,Jukgok,4008670,MOLIT,400802,T/M,Seonjingang,1319.3,,,67.4,0,37.693,48.858,N,9,1997Y 03M?~ 2013Y 09M,1990Y 10M?~ 2013Y 09M,127.3486111,35.15722222,127-20-55,1935-09-26,231763.144,284593.075
POINT(242245.56131009213277139 283711.30267414631089196),493,Yongseo,4009608,MOLIT,400901,T/M,Seonjingang,,,,,,25.917,33.565,N,10,2010Y 12M?~ 2013Y 09M,2010Y 12M?~ 2013Y 09M,127.4636111,35.14888889,127-27-49,35-08-56,242245.561,283711.303
POINT(241555.21308211496216245 285218.22420551901450381),494,Gurye2,4009610,MOLIT,400902,T/M,Seonjingang,3810.3,350,1100,54.1,170.8,22.905,31.942,N,11,1963Y 06M?~ 2013Y 09M,1963Y 01M?~ 2013Y 09M,127.4561111,35.1625,127-27-22,35-09-45,241555.213,285218.224
POINT(243403.62275603238958865 290311.99508596595842391),495,Seosi,4009625,MOLIT,400903,T/M,Seonjingang,,,,,,,,N,,2007Y 01M?~ 2013Y 09M,2006Y 12M?~ 2013Y 09M,127.4766667,35.20833333,127-28-36,1935-12-30,243403.623,290311.995
POINT(251079.61736421534442343 288225.53792386676650494),496,Songjeong,4009630,MOLIT,400905,T/M,Seonjingang,4273.6,224,500,40.3,185.7,8.203,25.178,N,16,1919Y 09M?~ 2013Y 09M,1917Y 03M?~ 2013Y 09M,127.5608333,35.18916667,127-33-39,1935-11-21,251079.617,288225.538
POINT(257235.45097152155358344 286998.75109598768176511),497,Hwagae,4009640,MOLIT,400907,T/M,Seonjingang,0,,,0,,0,0,Y,0,2002Y 06M?~ 2013Y 09M,2002Y 06M?~ 2013Y 09M,127.6283333,35.17777778,127-37-42,35-10-40,257235.451,286998.751
POINT(267754.95997932774480432 274404.28639048640616238),498,Hadong2,4009665,MOLIT,400911,T/M,Seonjingang,4591.27,,,15.2,0,-2.171,10.426,Y,9,1920Y 07M?~ 2013Y 09M,1988Y 01M?~ 2013Y 09M,127.7427778,35.06361111,127-44-34,35-03-49,267754.96,274404.286
POINT(201262.10664141082088463 308514.06333132734289393),511,Damyangdaem,5001610,MOLIT,500101,T/M,Yeongsangang,47.2,,,117.05,0,2.165,125.304,N,12,1991Y 06M?~ 2013Y 09M,1991Y 06M?~ 2013Y 09M,127.0138889,35.37333333,127-00-50,35-22-24,201262.107,308514.063
POINT(203739.83426820440217853 298868.55743795091984794),513,Orye,5001620,MOLIT,500102,T/M,Yeongsangang,36.4,92,240,8.95,12,50.698,56.153,N,6,1976Y 06M?~ 2013Y 09M,1973Y 01M?~ 2013Y 09M,127.0411111,35.28638889,0127-02-28,35-17-11,203739.834,298868.557
POINT(194313.11916892245062627 296773.93302546557970345),514,Samji,5001625,MOLIT,500103,T/M,Yeongsangang,,,,,0,,,,,2003Y 08M?~ 2013Y 09M,2003Y 08M?~ 2013Y 09M,126.9375,35.2675,126-56-15,35-16-03,194313.119,296773.933
POINT(199241.09551442530937493 288944.39909191499464214),515,Gwangjudaem,5001630,MOLIT,500104,T/M,Yeongsangang,43.4,,,9.61,0,2.152,78.585,N,75,1991Y 07M?~ 2013Y 09M,1991Y 07M?~ 2013Y 09M,126.9916667,35.19694444,126-59-30,35-11-49,199241.096,288944.399
POINT(190037.97290608374169096 293449.2755364419426769),516,Gwangju,5001640,MOLIT,500106,T/M,Yeongsangang,423.27,,,93.97,0,20.673,28.956,N,7,1991Y 07M?~ 2013Y 09M,1991Y 07M?~ 2013Y 09M,126.8905556,35.2375,126-53-26,35-14-15,190037.973,293449.276
POINT(187144.0024576177529525 285316.99169602611800656),517,Yudeok,5001650,MOLIT,500106,T/M,Yeongsangang,85.71,,,3.2,0,15.924,23.089,N,6,2002Y 01M?~ 2013Y 09M,2001Y 02M?~ 2013Y 09M,126.8588889,35.16416667,126-51-32,35-09-51,187144.002,285316.992
POINT(183272.24217354168649763 285446.58158162928884849),518,Walgok,5001655,MOLIT,500108,T/M,Yeongsangang,,,,,,,,N,,2008Y 01M?~ 2013Y 09M,2007Y 12M?~ 2013Y 09M,126.8163889,35.16527778,126-48-59,35-09-55,183272.242,285446.582
POINT(191546.08309000250301324 283863.38579034066060558),521,Yangdong,5001673,MOLIT,500107,T/M,Yeongsangang,,,,,,33.361,38.855,N,6,2011Y 12M?~ 2013Y 09M,2011Y 12M?~ 2013Y 09M,126.9072222,35.15111111,126-54-26,1935-09-04,191546.083,283863.386
POINT(184354.15677218974451534 281808.15773572522448376),522,Ma-reuk,5001680,MOLIT,500108,T/M,Yeongsangang,683.96,390,1300,77.67,56,7.659,17.586,N,9,1917Y 06M?~ 2013Y 09M,1916Y 10M?~ 2013Y 09M,126.8283333,35.1325,126-49-42,35-07-57,184354.157,281808.158
POINT(183614.04158535768510774 306433.22076157084666193),523,Jangseongdaem,5002620,MOLIT,500201,T/M,Yeongsangang,122.8,,,37,0,2.34,94.285,N,87,1991Y 07M?~ 2013Y 09M,1991Y 07M?~ 2013Y 09M,126.8197222,35.35444444,126-49-11,35-21-16,183614.042,306433.221
POINT(179615.5742306562315207 302342.49208566511515528),524,Seosam,5002643,MOLIT,500202,T/M,Yeongsangang,,,,,,42.02,48.314,N,7,2011Y 12M?~ 2013Y 09M,2011Y 12M?~ 2013Y 09M,126.7758333,35.3175,126-46-33,35-19-03,179615.574,302342.492
POINT(179229.1635777882183902 299076.60168217221507803),525,Jangseong,5002650,MOLIT,500204,T/M,Yeongsangang,282.9,266,260,28.75,22.4,36.588,44.469,N,6,1963Y 06M?~ 2013Y 09M,1962Y 11M?~ 2013Y 09M,126.7716667,35.28805556,126-46-18,35-17-17,179229.164,299076.602
POINT(180606.92294591749669053 281661.30374644958646968),528,Seon-am,5002690,MOLIT,500204,T/M,Yeongsangang,525.56,444,3260,4,44.2,9.93,18.511,N,7,1916Y 06M?~ 2013Y 09M,1915Y 10M?~ 2013Y 09M,126.7872222,35.13111111,126-47-14,35-07-52,180606.923,281661.304
POINT(190795.20428631044342183 267191.97852064418839291),532,Neungju,5003620,MOLIT,500306,T/M,Yeongsangang,408.25,210,240,16.26,25.3,19.496,27.713,N,6,1974Y 05M?~ 2013Y 09M,1963Y 02M?~ 2013Y 09M,126.8991667,35.00083333,126-53-57,35-00-03,190795.204,267191.979
POINT(186021.12705428508343175 262729.60671121685300022),533,Najudaem,5003640,MOLIT,500304,T/M,Yeongsangang,84.6,,,6.47,0,1.775,67.697,N,65,1991Y 07M?~ 2013Y 09M,1991Y 07M?~ 2013Y 09M,126.8469444,34.96055556,126-50-49,34-57-38,186021.127,262729.607
POINT(186111.6143258124939166 272159.45559201011201367),535,Nampyeong,5003680,MOLIT,500306,T/M,Yeongsangang,576.2,215,1070,7.62,41.1,12.024,19.042,N,9,1921Y 07M?~ 2013Y 09M,1919Y 04M?~ 2013Y 09M,126.8477778,35.04555556,126-50-52,35-02-44,186111.614,272159.456
POINT(179477.37297817430226132 274760.65166644076816738),536,Bondong,5004620,MOLIT,500401,T/M,Yeongsangang,1294.44,586,2400,67.67,64.9,3.727,14.589,N,10,1921Y 07M?~ 2013Y 09M,1921Y 06M?~ 2013Y 09M,126.775,35.06888889,126-46-30,1935-04-08,179477.373,274760.652
POINT(175691.68065390471019782 270825.35085400514071807),537,Naju,5004650,MOLIT,500401,T/M,Yeongsangang,2058.72,677,1650,62.57,75.1,1.312,12.987,N,12,1963Y 06M?~ 2013Y 09M,1915Y 09M?~ 2013Y 09M,126.7336111,35.03333333,126-44-01,35-02-00,175691.681,270825.351
POINT(173906.76387313040322624 267132.21457245841156691),538,Yeongsanpo,5004670,MOLIT,500402,T/M,Yeongsangang,2141.73,402,5000,57.34,82.1,-0.718,12.273,N,12,1917Y 06M?~ 2013Y 09M,1982Y 01M?~ 2013Y 09M,126.7141667,35,126-42-51,35-00-00,173906.764,267132.215
POINT(170203.1901728268712759 266742.93922015611315146),539,Hoejin,5004690,MOLIT,500404,T/M,Yeongsangang,2249.7,165,3300,53.23,86.25,-1.732,5.871,Y,10,1917Y 09M?~ 2013Y 09M,1982Y 01M?~ 2013Y 09M,126.6736111,34.99638889,126-40-25,34-59-47,170203.19,266742.939
POINT(163066.03551958204479888 270251.44568994984729216),541,Hakgyo,5005680,MOLIT,500502,T/M,Yeongsangang,179.25,,,6.84,0,0.23,8.35,N,8,1991Y 07M?~ 2013Y 09M,1991Y 06M?~ 2013Y 09M,126.5952778,35.02777778,126-35-43,35-01-40,163066.036,270251.446
POINT(158682.60397510128677823 265123.69775564782321453),542,Sapo,5006610,MOLIT,500604,T/M,Yeongsangang,2547.82,292,1110,37.75,106.9,-3.238,6.823,Y,12,1923Y 06M?~ 2013Y 09M,1982Y 01M?~ 2013Y 09M,126.5475,34.98138889,126-32-51,34-58-53,158682.604,265123.698
POINT(157127.87119206407805905 268921.46660986222559586),544,Hampyeong,5006630,MOLIT,500602,T/M,Yeongsangang,129.61,,,5.25,0,-0.902,7.248,N,8,1991Y 07M?~ 2013Y 09M,1991Y 06M?~ 2013Y 09M,126.5302778,35.01555556,126-31-49,35-00-56,157127.871,268921.467
POINT(156484.29004896615515463 256227.6308209722628817),545,Myeongsan,5006670,MOLIT,500604,T/M,Yeongsangang,2722.2,,,23.86,0,-2.928,2.617,Y,4,1991Y 07M?~ 2013Y 09M,1983Y 01M?~ 2013Y 09M,126.5238889,34.90111111,126-31-26,34-54-04,156484.29,256227.631
POINT(149786.20470661798026413 243164.51604611298535019),547,Hagueon(nae),5008690,MOLIT,500801,T/M,Yeongsangang,3429,,,0,0,0,0,Y,5,1991Y 07M?~ 2013Y 09M,1991Y 06M?~ 2013Y 09M,126.4513889,34.78305556,126-27-05,34-46-59,149786.205,243164.516
POINT(149609.40727805002825335 243381.20309734420152381),548,Hagueon(oe),5008695,MOLIT,500801,T/M,Yeongsangang,0,,,0,0,0,0,Y,5,1991Y 07M?~ 2012Y 05M,1991Y 06M?~ 2012Y 05M,126.4494444,34.785,126-26-58,34-47-06,149609.407,243381.203
POINT(189986.75254342006519437 246730.72918759961612523),549,Bongdeok,5101620,Kwater,510101,T/M,Tamjingang,46.6,,,46.64,0,104.264,111.235,N,4,2000Y 12M?~ 2013Y 09M,2000Y 06M?~ 2013Y 09M,126.8905556,34.81638889,126-53-26,34-48-59,189986.753,246730.729
POINT(191553.47307519247988239 236960.5735534051200375),551,Yuyang,5101650,MOLIT,510102,T/M,Tamjingang,199,,,22.68,0,30.875,35.607,N,6,2000Y 05M?~ 2013Y 09M,2000Y 05M?~ 2013Y 09M,126.9077778,34.72833333,126-54-28,34-43-42,191553.473,236960.574
POINT(191267.66301399262738414 230674.51019671035464853),552,Yeonsan,5101670,MOLIT,510102,T/M,Tamjingang,203.7,148,1230,27,35.5,15.832,20.492,N,5,1976Y 06M?~ 2013Y 09M,1973Y 01M?~ 2013Y 09M,126.9047222,34.67166667,126-54-17,34-40-18,191267.663,230674.51
POINT(189789.52531732397619635 229289.34344443847658113),553,Sunji,5101675,MOLIT,510103,T/M,Tamjingang,156,,,0.9,0,10.714,17.032,N,6,2000Y 05M?~ 2013Y 09M,2000Y 06M?~ 2013Y 09M,126.8886111,34.65916667,126-53-19,34-39-33,189789.525,229289.343
POINT(188133.11921178037300706 228243.60754459735471755),554,Pungdong,5101680,Kwater,510104,T/M,Tamjingang,462.8,,,8.5,0,6.594,15.374,N,4.5,2000Y 12M?~ 2013Y 09M,2000Y 06M?~ 2013Y 09M,126.8705556,34.64972222,126-52-14,34-38-59,188133.119,228243.608
POINT(183342.27621184624149464 226402.09464515012223274),555,Gundong,5101690,MOLIT,510104,T/M,Tamjingang,477,,,5,0,1.25,8.506,Y,6,2000Y 05M?~ 2013Y 09M,2000Y 06M?~ 2013Y 09M,126.8183333,34.63305556,126-49-06,34-37-59,183342.276,226402.095
